OPENROAD: /OpenROAD-flow-scripts/tools/OpenROAD
mkdir -p /design/work/results/nangate45/UART16/base/
echo 0.46 > /design/work/results/nangate45/UART16/base/clock_period.txt
/OpenROAD-flow-scripts/flow/scripts/synth.sh /OpenROAD-flow-scripts/flow/scripts/synth_canonicalize.tcl /design/work/logs/nangate45/UART16/base/1_1_yosys_canonicalize.log
Using ABC area script.
Extracting clock period from SDC file: /design/work/results/nangate45/UART16/base/clock_period.txt
Setting clock period to 0.46
1. Executing Liberty frontend: /OpenROAD-flow-scripts/flow/platforms/nangate45/lib/NangateOpenCellLibrary_typical.lib
2. Executing Liberty frontend: /OpenROAD-flow-scripts/flow/platforms/nangate45/lib/NangateOpenCellLibrary_typical.lib
3. Executing Verilog-2005 frontend: /design/uart16.v
4. Executing Verilog-2005 frontend: /OpenROAD-flow-scripts/flow/platforms/nangate45/cells_clkgate.v
5. Executing HIERARCHY pass (managing design hierarchy).
6. Executing AST frontend in derive mode using pre-parsed AST for module `\UART16'.
6.1. Analyzing design hierarchy..
6.2. Executing AST frontend in derive mode using pre-parsed AST for module `\PTOS'.
6.3. Executing AST frontend in derive mode using pre-parsed AST for module `\STOP'.
6.4. Analyzing design hierarchy..
6.5. Analyzing design hierarchy..
7. Executing OPT_CLEAN pass (remove unused cells and wires).
Warning: Ignoring module PTOS because it contains processes (run 'proc' command first).
Warning: Ignoring module STOP because it contains processes (run 'proc' command first).
8. Executing RTLIL backend.
Warnings: 2 unique messages, 2 total
End of script. Logfile hash: 0cae91c4f4, time: 0.13s, user: 0.08s, system: 0.03s, MEM: 42.50 MB peak
Yosys 0.68+post (git sha1 UNKNOWN, Release, GNU /usr/local/bin/wrapped-cc/g++ 11.4.0)
Time spent: 82% 4x read_liberty (0 sec), 5% 4x read_verilog (0 sec), ...
Elapsed time: 0:00.14[h:]min:sec. CPU time: user 0.10 sys 0.04 (98%). Peak memory: 46720KB.
Log                       Ext     Elapsed/s Peak Memory/MB sha1sum result [0:20)
1_1_yosys_canonicalize    .rtlil          0             45 5120d2c03d0663dfedde
/OpenROAD-flow-scripts/flow/scripts/synth.sh /OpenROAD-flow-scripts/flow/scripts/synth.tcl /design/work/logs/nangate45/UART16/base/1_2_yosys.log
Using ABC area script.
Extracting clock period from SDC file: /design/work/results/nangate45/UART16/base/clock_period.txt
Setting clock period to 0.46
1. Executing RTLIL frontend.
2. Executing HIERARCHY pass (managing design hierarchy).
2.1. Analyzing design hierarchy..
2.2. Analyzing design hierarchy..
3. Executing SYNTH pass.
3.1. Executing HIERARCHY pass (managing design hierarchy).
3.1.1. Analyzing design hierarchy..
3.1.2. Analyzing design hierarchy..
3.2. Executing PROC pass (convert processes to netlists).
3.2.1. Executing PROC_CLEAN pass (remove empty switches from decision trees).
3.2.2. Executing PROC_RMDEAD pass (remove dead branches from decision trees).
3.2.3. Executing PROC_PRUNE pass (remove redundant assignments in processes).
3.2.4. Executing PROC_INIT pass (extract init attributes).
3.2.5. Executing PROC_ARST pass (detect async resets in processes).
3.2.6. Executing PROC_ROM pass (convert switches to ROMs).
3.2.7. Executing PROC_MUX pass (convert decision trees to multiplexers).
3.2.8. Executing PROC_DLATCH pass (convert process syncs to latches).
3.2.9. Executing PROC_DFF pass (convert process syncs to FFs).
3.2.10. Executing PROC_MEMWR pass (convert process memory writes to cells).
3.2.11. Executing PROC_CLEAN pass (remove empty switches from decision trees).
3.2.12. Executing OPT_EXPR pass (perform const folding).
3.3. Executing CHECK pass (checking for obvious problems).
3.4. Executing FLATTEN pass (flatten design).
3.5. Executing OPT_EXPR pass (perform const folding).
3.6. Executing OPT_CLEAN pass (remove unused cells and wires).
3.7. Executing CHECK pass (checking for obvious problems).
3.8. Executing OPT pass (performing simple optimizations).
3.8.1. Executing OPT_EXPR pass (perform const folding).
3.8.2. Executing OPT_MERGE pass (detect identical cells).
3.8.3. Executing OPT_MUXTREE pass (detect dead branches in mux trees).
3.8.4. Executing OPT_REDUCE pass (consolidate $*mux and $reduce_* inputs).
3.8.5. Executing OPT_MERGE pass (detect identical cells).
3.8.6. Executing OPT_DFF pass (perform DFF optimizations).
3.8.7. Executing OPT_CLEAN pass (remove unused cells and wires).
3.8.8. Executing OPT_EXPR pass (perform const folding).
3.8.9. Rerunning OPT passes. (Maybe there is more to do..)
3.8.10. Executing OPT_MUXTREE pass (detect dead branches in mux trees).
3.8.11. Executing OPT_REDUCE pass (consolidate $*mux and $reduce_* inputs).
3.8.12. Executing OPT_MERGE pass (detect identical cells).
3.8.13. Executing OPT_DFF pass (perform DFF optimizations).
3.8.14. Executing OPT_CLEAN pass (remove unused cells and wires).
3.8.15. Executing OPT_EXPR pass (perform const folding).
3.8.16. Finished fast OPT passes. (There is nothing left to do.)
3.9. Executing FSM pass (extract and optimize FSM).
3.9.1. Executing FSM_DETECT pass (finding FSMs in design).
3.9.2. Executing FSM_EXTRACT pass (extracting FSM from design).
3.9.3. Executing FSM_OPT pass (simple optimizations of FSMs).
3.9.4. Executing OPT_CLEAN pass (remove unused cells and wires).
3.9.5. Executing FSM_OPT pass (simple optimizations of FSMs).
3.9.6. Executing FSM_RECODE pass (re-assigning FSM state encoding).
3.9.7. Executing FSM_INFO pass (dumping all available information on FSM cells).
3.9.8. Executing FSM_MAP pass (mapping FSMs to basic logic).
3.10. Executing OPT pass (performing simple optimizations).
3.10.1. Executing OPT_EXPR pass (perform const folding).
3.10.2. Executing OPT_MERGE pass (detect identical cells).
3.10.3. Executing OPT_MUXTREE pass (detect dead branches in mux trees).
3.10.4. Executing OPT_REDUCE pass (consolidate $*mux and $reduce_* inputs).
3.10.5. Executing OPT_MERGE pass (detect identical cells).
3.10.6. Executing OPT_DFF pass (perform DFF optimizations).
3.10.7. Executing OPT_CLEAN pass (remove unused cells and wires).
3.10.8. Executing OPT_EXPR pass (perform const folding).
3.10.9. Rerunning OPT passes. (Maybe there is more to do..)
3.10.10. Executing OPT_MUXTREE pass (detect dead branches in mux trees).
3.10.11. Executing OPT_REDUCE pass (consolidate $*mux and $reduce_* inputs).
3.10.12. Executing OPT_MERGE pass (detect identical cells).
3.10.13. Executing OPT_DFF pass (perform DFF optimizations).
3.10.14. Executing OPT_CLEAN pass (remove unused cells and wires).
3.10.15. Executing OPT_EXPR pass (perform const folding).
3.10.16. Finished fast OPT passes. (There is nothing left to do.)
3.11. Executing WREDUCE pass (reducing word size of cells).
3.12. Executing PEEPOPT pass (run peephole optimizers).
3.13. Executing OPT_CLEAN pass (remove unused cells and wires).
3.14. Executing ALUMACC pass (create $alu and $macc cells).
3.15. Executing SHARE pass (SAT-based resource sharing).
3.16. Executing OPT pass (performing simple optimizations).
3.16.1. Executing OPT_EXPR pass (perform const folding).
3.16.2. Executing OPT_MERGE pass (detect identical cells).
3.16.3. Executing OPT_MUXTREE pass (detect dead branches in mux trees).
3.16.4. Executing OPT_REDUCE pass (consolidate $*mux and $reduce_* inputs).
3.16.5. Executing OPT_MERGE pass (detect identical cells).
3.16.6. Executing OPT_DFF pass (perform DFF optimizations).
3.16.7. Executing OPT_CLEAN pass (remove unused cells and wires).
3.16.8. Executing OPT_EXPR pass (perform const folding).
3.16.9. Rerunning OPT passes. (Maybe there is more to do..)
3.16.10. Executing OPT_MUXTREE pass (detect dead branches in mux trees).
3.16.11. Executing OPT_REDUCE pass (consolidate $*mux and $reduce_* inputs).
3.16.12. Executing OPT_MERGE pass (detect identical cells).
3.16.13. Executing OPT_DFF pass (perform DFF optimizations).
3.16.14. Executing OPT_CLEAN pass (remove unused cells and wires).
3.16.15. Executing OPT_EXPR pass (perform const folding).
3.16.16. Finished fast OPT passes. (There is nothing left to do.)
3.17. Executing MEMORY pass.
3.17.1. Executing OPT_MEM pass (optimize memories).
3.17.2. Executing OPT_MEM_PRIORITY pass (removing unnecessary memory write priority relations).
3.17.3. Executing OPT_MEM_FEEDBACK pass (finding memory read-to-write feedback paths).
3.17.4. Executing MEMORY_BMUX2ROM pass (converting muxes to ROMs).
3.17.5. Executing MEMORY_DFF pass (merging $dff cells to $memrd).
3.17.6. Executing OPT_CLEAN pass (remove unused cells and wires).
3.17.7. Executing MEMORY_SHARE pass (consolidating $memrd/$memwr cells).
3.17.8. Executing OPT_MEM_WIDEN pass (optimize memories where all ports are wide).
3.17.9. Executing OPT_CLEAN pass (remove unused cells and wires).
3.17.10. Executing MEMORY_COLLECT pass (generating $mem cells).
3.18. Executing OPT_CLEAN pass (remove unused cells and wires).
4. Executing SYNTH pass.
4.1. Executing OPT pass (performing simple optimizations).
4.1.1. Executing OPT_EXPR pass (perform const folding).
4.1.2. Executing OPT_MERGE pass (detect identical cells).
4.1.3. Executing OPT_DFF pass (perform DFF optimizations).
4.1.4. Executing OPT_CLEAN pass (remove unused cells and wires).
4.1.5. Rerunning OPT passes. (Removed registers in this run.)
4.1.6. Executing OPT_EXPR pass (perform const folding).
4.1.7. Executing OPT_MERGE pass (detect identical cells).
4.1.8. Executing OPT_DFF pass (perform DFF optimizations).
4.1.9. Executing OPT_CLEAN pass (remove unused cells and wires).
4.1.10. Finished fast OPT passes.
4.2. Executing MEMORY_MAP pass (converting memories to logic and flip-flops).
4.3. Executing OPT pass (performing simple optimizations).
4.3.1. Executing OPT_EXPR pass (perform const folding).
4.3.2. Executing OPT_MERGE pass (detect identical cells).
4.3.3. Executing OPT_MUXTREE pass (detect dead branches in mux trees).
4.3.4. Executing OPT_REDUCE pass (consolidate $*mux and $reduce_* inputs).
4.3.5. Executing OPT_MERGE pass (detect identical cells).
4.3.6. Executing OPT_SHARE pass.
4.3.7. Executing OPT_DFF pass (perform DFF optimizations).
4.3.8. Executing OPT_CLEAN pass (remove unused cells and wires).
4.3.9. Executing OPT_EXPR pass (perform const folding).
4.3.10. Finished fast OPT passes. (There is nothing left to do.)
4.4. Executing TECHMAP pass (map to technology primitives).
4.4.1. Executing Verilog-2005 frontend: /OpenROAD-flow-scripts/tools/install/yosys/bin/../share/yosys/techmap.v
4.4.2. Executing Verilog-2005 frontend: /OpenROAD-flow-scripts/flow/platforms/common/lcu_kogge_stone.v
4.4.3. Continuing TECHMAP pass.
4.5. Executing OPT pass (performing simple optimizations).
4.5.1. Executing OPT_EXPR pass (perform const folding).
4.5.2. Executing OPT_MERGE pass (detect identical cells).
4.5.3. Executing OPT_DFF pass (perform DFF optimizations).
4.5.4. Executing OPT_CLEAN pass (remove unused cells and wires).
4.5.5. Finished fast OPT passes.
4.6. Executing HIERARCHY pass (managing design hierarchy).
4.6.1. Analyzing design hierarchy..
4.6.2. Analyzing design hierarchy..
4.7. Printing statistics.
4.8. Executing CHECK pass (checking for obvious problems).
5. Executing OPT pass (performing simple optimizations).
5.1. Executing OPT_EXPR pass (perform const folding).
5.2. Executing OPT_MERGE pass (detect identical cells).
5.3. Executing OPT_MUXTREE pass (detect dead branches in mux trees).
5.4. Executing OPT_REDUCE pass (consolidate $*mux and $reduce_* inputs).
5.5. Executing OPT_MERGE pass (detect identical cells).
5.6. Executing OPT_DFF pass (perform DFF optimizations).
5.7. Executing OPT_CLEAN pass (remove unused cells and wires).
5.8. Executing OPT_EXPR pass (perform const folding).
5.9. Rerunning OPT passes. (Maybe there is more to do..)
5.10. Executing OPT_MUXTREE pass (detect dead branches in mux trees).
5.11. Executing OPT_REDUCE pass (consolidate $*mux and $reduce_* inputs).
5.12. Executing OPT_MERGE pass (detect identical cells).
5.13. Executing OPT_DFF pass (perform DFF optimizations).
5.14. Executing OPT_CLEAN pass (remove unused cells and wires).
5.15. Executing OPT_EXPR pass (perform const folding).
5.16. Finished fast OPT passes. (There is nothing left to do.)
6. Executing EXTRACT_FA pass (find and extract full/half adders).
7. Executing TECHMAP pass (map to technology primitives).
7.1. Executing Verilog-2005 frontend: /OpenROAD-flow-scripts/flow/platforms/nangate45/cells_adders.v
7.2. Continuing TECHMAP pass.
8. Executing TECHMAP pass (map to technology primitives).
8.1. Executing Verilog-2005 frontend: /OpenROAD-flow-scripts/tools/install/yosys/bin/../share/yosys/techmap.v
8.2. Continuing TECHMAP pass.
9. Executing OPT pass (performing simple optimizations).
9.1. Executing OPT_EXPR pass (perform const folding).
9.2. Executing OPT_MERGE pass (detect identical cells).
9.3. Executing OPT_DFF pass (perform DFF optimizations).
9.4. Executing OPT_CLEAN pass (remove unused cells and wires).
9.5. Finished fast OPT passes.
10. Executing DFFLEGALIZE pass (convert FFs to types supported by the target).
11. Executing TECHMAP pass (map to technology primitives).
11.1. Executing Verilog-2005 frontend: /OpenROAD-flow-scripts/flow/platforms/nangate45/cells_latch.v
11.2. Continuing TECHMAP pass.
12. Executing DFFLIBMAP pass (mapping DFF cells to sequential cells from liberty file).
12.1. Executing DFFLEGALIZE pass (convert FFs to types supported by the target).
13. Executing OPT pass (performing simple optimizations).
13.1. Executing OPT_EXPR pass (perform const folding).
13.2. Executing OPT_MERGE pass (detect identical cells).
13.3. Executing OPT_MUXTREE pass (detect dead branches in mux trees).
13.4. Executing OPT_REDUCE pass (consolidate $*mux and $reduce_* inputs).
13.5. Executing OPT_MERGE pass (detect identical cells).
13.6. Executing OPT_DFF pass (perform DFF optimizations).
13.7. Executing OPT_CLEAN pass (remove unused cells and wires).
13.8. Executing OPT_EXPR pass (perform const folding).
13.9. Rerunning OPT passes. (Maybe there is more to do..)
13.10. Executing OPT_MUXTREE pass (detect dead branches in mux trees).
13.11. Executing OPT_REDUCE pass (consolidate $*mux and $reduce_* inputs).
13.12. Executing OPT_MERGE pass (detect identical cells).
13.13. Executing OPT_DFF pass (perform DFF optimizations).
13.14. Executing OPT_CLEAN pass (remove unused cells and wires).
13.15. Executing OPT_EXPR pass (perform const folding).
13.16. Finished fast OPT passes. (There is nothing left to do.)
14. Executing SETUNDEF pass (replace undef values with defined constants).
abc -script /OpenROAD-flow-scripts/flow/scripts/abc_area.script -liberty /OpenROAD-flow-scripts/flow/platforms/nangate45/lib/NangateOpenCellLibrary_typical.lib -dont_use TAPCELL_X1 -dont_use FILLCELL_X1 -dont_use AOI211_X1 -dont_use OAI211_X1 -constr /design/work/objects/nangate45/UART16/base/abc.constr -D 0.46
15. Executing ABC pass (technology mapping using ABC).
15.1. Extracting gate netlist of module `\UART16' to `<abc-temp-dir>/input.blif'..
15.1.1. Executed ABC.
15.1.2. Re-integrating ABC results.
16. Executing SPLITNETS pass (splitting up multi-bit signals).
17. Executing OPT_CLEAN pass (remove unused cells and wires).
18. Executing HILOMAP pass (mapping to constant drivers).
19. Executing INSBUF pass (insert buffer cells for connected wires).
20. Executing CHECK pass (checking for obvious problems).
21. Printing statistics.
22. Executing CHECK pass (checking for obvious problems).
23. Executing Verilog backend.
23.1. Executing BMUXMAP pass.
23.2. Executing DEMUXMAP pass.
End of script. Logfile hash: ceb7a15040, time: 0.75s, user: 0.26s, system: 0.21s, MEM: 46.00 MB peak
Yosys 0.68+post (git sha1 UNKNOWN, Release, GNU /usr/local/bin/wrapped-cc/g++ 11.4.0)
Time spent: 31% 1x abc (0 sec), 14% 23x opt_clean (0 sec), ...
Elapsed time: 0:00.76[h:]min:sec. CPU time: user 0.48 sys 0.26 (97%). Peak memory: 48896KB.
Log                       Ext     Elapsed/s Peak Memory/MB sha1sum result [0:20)
1_2_yosys                 .v              0             47 20b9dee37e791e425177
cp /design/constraint-soc25-uart-openroad-demo.sdc /design/work/results/nangate45/UART16/base/1_2_yosys.sdc
touch -r /design/constraint-soc25-uart-openroad-demo.sdc /design/work/results/nangate45/UART16/base/1_2_yosys.sdc
OpenROAD unknown 
Features included (+) or not (-): -GPU +GUI -Python
This program is licensed under the BSD-3 license. See the LICENSE file for details.
Components of this program may be licensed under more restrictive licenses which must be honored.
[INFO ORD-0030] Using 4 thread(s).
mkdir -p /design/work/objects/nangate45/UART16/base
/OpenROAD-flow-scripts/flow/scripts/flow.sh 1_synth synth_odb
Running synth_odb.tcl, stage 1_synth
read_liberty /OpenROAD-flow-scripts/flow/platforms/nangate45/lib/NangateOpenCellLibrary_typical.lib
[INFO ODB-0227] LEF file: /OpenROAD-flow-scripts/flow/platforms/nangate45/lef/NangateOpenCellLibrary.tech.lef, created 22 layers, 27 vias
[INFO ODB-0227] LEF file: /OpenROAD-flow-scripts/flow/platforms/nangate45/lef/NangateOpenCellLibrary.macro.mod.lef, created 135 library cells
link_design UART16
read_sdc /design/work/results/nangate45/UART16/base/1_2_yosys.sdc
source /OpenROAD-flow-scripts/flow/platforms/nangate45/setRC.tcl
eliminate_dead_logic
Removed 0 unused instances and 0 unused nets.
Design area 520 um^2 100% utilization.
write_db /design/work/results/nangate45/UART16/base/1_synth.odb
write_sdc -no_timestamp /design/work/results/nangate45/UART16/base/1_synth.sdc
Elapsed time: 0:00.38[h:]min:sec. CPU time: user 0.32 sys 0.06 (99%). Peak memory: 97536KB.
Log                       Ext     Elapsed/s Peak Memory/MB sha1sum result [0:20)
1_synth                   .odb            0             95 b15536bf07fa03654cb4
1_synth                   .sdc                             a81cb0f2c49911351a85
/OpenROAD-flow-scripts/flow/scripts/flow.sh 2_1_floorplan floorplan
Running floorplan.tcl, stage 2_1_floorplan
read_liberty /OpenROAD-flow-scripts/flow/platforms/nangate45/lib/NangateOpenCellLibrary_typical.lib
read_db /design/work/results/nangate45/UART16/base/1_synth.odb
read_sdc /design/work/results/nangate45/UART16/base/1_synth.sdc
source /OpenROAD-flow-scripts/flow/platforms/nangate45/setRC.tcl

==========================================================================
Floorplan check_setup
--------------------------------------------------------------------------
Warning: There are 41 unclocked register/latch pins.
Warning: There are 42 unconstrained endpoints.
number instances in verilog is 292
initialize_floorplan -utilization 40 -aspect_ratio 1.0 -core_space 1.0 -site FreePDK45_38x28_10R_NP_162NW_34O
[INFO IFP-0107] Defining die area using utilization: 40.00% and aspect ratio: 1.
[WARNING IFP-0028] Core area lower left (1.000, 1.000) snapped to (1.140, 1.400).
[INFO IFP-0001] Added 25 rows of 188 site FreePDK45_38x28_10R_NP_162NW_34O.
[INFO IFP-0100] Die BBox:  (  0.000  0.000 ) ( 38.045 38.045 ) um
[INFO IFP-0101] Core BBox: (  1.140  1.400 ) ( 36.860 36.400 ) um
[INFO IFP-0102] Core area:                         1250.200 um^2
[INFO IFP-0103] Total instances area:               519.764 um^2
[INFO IFP-0104] Effective utilization:                0.416
[INFO IFP-0105] Number of instances:                    292
source /OpenROAD-flow-scripts/flow/platforms/nangate45/make_tracks.tcl
source /OpenROAD-flow-scripts/flow/platforms/nangate45/fastroute.tcl
set_dont_use "TAPCELL_X1 FILLCELL_X1 AOI211_X1 OAI211_X1"
repair_tie_fanout -separation 0 NangateOpenCellLibrary/LOGIC0_X1/Z
[INFO RSZ-0042] Inserted 8 tie LOGIC0_X1 instances.
repair_tie_fanout -separation 0 NangateOpenCellLibrary/LOGIC1_X1/Z
repair_timing -setup_margin 0 -hold_margin 0 -repair_tns 100 -setup -skip_last_gasp -sequence unbuffer,sizeup,swap,vt_swap -verbose
[WARNING EST-0027] no estimated parasitics. Using wire load models.
[INFO RSZ-0100] Repair move sequence: UnbufferMove SizeUpMove SwapPinsMove 
[INFO RSZ-0098] No setup violations found
[INFO RSZ-0505] Runtime: 0.03s
Default units for flow
 time 1ns
 capacitance 1fF
 resistance 1kohm
 voltage 1v
 current 1mA
 power 1nW
 distance 1um
   Layer   | Unit Resistance | Unit Capacitance 
           |       (kohm/um) |          (fF/um)
------------------------------------------------
    metal1 |        5.43e-03 |         7.42e-02
    metal2 |        3.57e-03 |         8.34e-02
    metal3 |        3.57e-03 |         1.04e-01
    metal4 |        1.50e-03 |         1.19e-01
    metal5 |        1.50e-03 |         1.09e-01
    metal6 |        1.50e-03 |         1.14e-01
    metal7 |        1.88e-04 |         1.17e-01
    metal8 |        1.88e-04 |         9.45e-02
    metal9 |        3.75e-05 |         1.06e-01
   metal10 |        3.75e-05 |         7.37e-01
------------------------------------------------

   Layer   | Via Resistance 
           |         (kohm) 
----------------------------
      via1 |       5.00e-03 
      via2 |       5.00e-03 
      via3 |       5.00e-03 
      via4 |       3.00e-03 
      via5 |       3.00e-03 
      via6 |       3.00e-03 
      via7 |       1.00e-03 
      via8 |       1.00e-03 
      via9 |       5.00e-04 
----------------------------
Report metrics stage 2, floorplan final...

==========================================================================
floorplan final report_design_area
--------------------------------------------------------------------------
Design area 523 um^2 42% utilization.
write_db /design/work/results/nangate45/UART16/base/2_1_floorplan.odb
write_sdc -no_timestamp /design/work/results/nangate45/UART16/base/2_1_floorplan.sdc
Elapsed time: 0:00.43[h:]min:sec. CPU time: user 0.36 sys 0.07 (100%). Peak memory: 130208KB.
Log                       Ext     Elapsed/s Peak Memory/MB sha1sum result [0:20)
2_1_floorplan             .odb            0            127 9ffaecf2d06d2222d9a2
2_1_floorplan             .sdc                             a81cb0f2c49911351a85
/OpenROAD-flow-scripts/flow/scripts/flow.sh 2_2_floorplan_macro macro_place
Running macro_place.tcl, stage 2_2_floorplan_macro
read_liberty /OpenROAD-flow-scripts/flow/platforms/nangate45/lib/NangateOpenCellLibrary_typical.lib
read_db /design/work/results/nangate45/UART16/base/2_1_floorplan.odb
read_sdc /design/work/results/nangate45/UART16/base/2_1_floorplan.sdc
source /OpenROAD-flow-scripts/flow/platforms/nangate45/setRC.tcl
No macros found: Skipping macro_placement
Design area 523 um^2 42% utilization.
write_db /design/work/results/nangate45/UART16/base/2_2_floorplan_macro.odb
Elapsed time: 0:00.35[h:]min:sec. CPU time: user 0.29 sys 0.06 (98%). Peak memory: 95488KB.
Log                       Ext     Elapsed/s Peak Memory/MB sha1sum result [0:20)
2_2_floorplan_macro       .odb            0             93 9ffaecf2d06d2222d9a2
/OpenROAD-flow-scripts/flow/scripts/flow.sh 2_3_floorplan_tapcell tapcell
Running tapcell.tcl, stage 2_3_floorplan_tapcell
read_liberty /OpenROAD-flow-scripts/flow/platforms/nangate45/lib/NangateOpenCellLibrary_typical.lib
read_db /design/work/results/nangate45/UART16/base/2_2_floorplan_macro.odb
read_sdc /design/work/results/nangate45/UART16/base/2_1_floorplan.sdc
source /OpenROAD-flow-scripts/flow/platforms/nangate45/setRC.tcl
[INFO TAP-0004] Inserted 50 endcaps.
[INFO TAP-0005] Inserted 0 tapcells.
Design area 537 um^2 43% utilization.
write_db /design/work/results/nangate45/UART16/base/2_3_floorplan_tapcell.odb
Elapsed time: 0:00.35[h:]min:sec. CPU time: user 0.29 sys 0.06 (98%). Peak memory: 96256KB.
Log                       Ext     Elapsed/s Peak Memory/MB sha1sum result [0:20)
2_3_floorplan_tapcell     .odb            0             94 2e395214e8d749a4b2a0
/OpenROAD-flow-scripts/flow/scripts/flow.sh 2_4_floorplan_pdn pdn
Running pdn.tcl, stage 2_4_floorplan_pdn
read_liberty /OpenROAD-flow-scripts/flow/platforms/nangate45/lib/NangateOpenCellLibrary_typical.lib
read_db /design/work/results/nangate45/UART16/base/2_3_floorplan_tapcell.odb
read_sdc /design/work/results/nangate45/UART16/base/2_1_floorplan.sdc
source /OpenROAD-flow-scripts/flow/platforms/nangate45/setRC.tcl
[WARNING PDN-1051] No instances found for grid (CORE_macro_grid_1).
[WARNING PDN-1051] No instances found for grid (CORE_macro_grid_2).
[INFO PDN-0001] Inserting grid: grid
[INFO PDN-0500] Runtime: 0.00s
Design area 537 um^2 43% utilization.
write_db /design/work/results/nangate45/UART16/base/2_4_floorplan_pdn.odb
Elapsed time: 0:00.35[h:]min:sec. CPU time: user 0.29 sys 0.05 (98%). Peak memory: 98304KB.
Log                       Ext     Elapsed/s Peak Memory/MB sha1sum result [0:20)
2_4_floorplan_pdn         .odb            0             96 ff90322ccce10efc3b6f
cp /design/work/results/nangate45/UART16/base/2_4_floorplan_pdn.odb /design/work/results/nangate45/UART16/base/2_floorplan.odb
cp /design/work/results/nangate45/UART16/base/2_1_floorplan.sdc /design/work/results/nangate45/UART16/base/2_floorplan.sdc
/OpenROAD-flow-scripts/flow/scripts/flow.sh 3_1_place_gp_skip_io global_place_skip_io
Running global_place_skip_io.tcl, stage 3_1_place_gp_skip_io
read_liberty /OpenROAD-flow-scripts/flow/platforms/nangate45/lib/NangateOpenCellLibrary_typical.lib
read_db /design/work/results/nangate45/UART16/base/2_floorplan.odb
read_sdc /design/work/results/nangate45/UART16/base/2_floorplan.sdc
source /OpenROAD-flow-scripts/flow/platforms/nangate45/setRC.tcl
[INFO GPL-0190] Using 2 of 4 threads for placement: one per core, SMT siblings idle.
[INFO GPL-0022] Initialize gpl and calculate uniform density.
Placement density is 0.5699999904632569, computed from PLACE_DENSITY_LB_ADDON  0.20 and lower bound 0.44999998807907104
global_placement -skip_io -density 0.5699999904632569 -pad_left 0 -pad_right 0
[INFO GPL-0001] ---- Initialize GPL Main Data Structures
[INFO GPL-0002] DBU: 2000
[INFO GPL-0003] SiteSize: (  0.190  1.400 ) um
[INFO GPL-0004] CoreBBox: (  1.140  1.400 ) ( 36.860 36.400 ) um
[INFO GPL-0016] Core area:                    1250.200 um^2
[INFO GPL-0036] Movable instances area:        523.488 um^2
[INFO GPL-0037] Total instances area:          536.788 um^2
[INFO GPL-0035] Pin density area adjust:        29.242 um^2
[INFO GPL-0032] ---- Initialize Region: Top-level
[INFO GPL-0006] Number of instances:               349
[INFO GPL-0007] Movable instances:                 299
[INFO GPL-0008] Fixed instances:                    50
[INFO GPL-0009] Dummy instances:                     0
[INFO GPL-0010] Number of nets:                    393
[INFO GPL-0011] Number of pins:                    961
[INFO GPL-0012] Die BBox:       (  0.000  0.000 ) ( 38.045 38.045 ) um
[INFO GPL-0013] Placement BBox: (  1.140  1.400 ) ( 36.860 36.400 ) um
[INFO GPL-0014] Region name: top-level.
[INFO GPL-0015] Region area:                  1250.200 um^2
[INFO GPL-0017] Fixed instances area:           13.300 um^2
[INFO GPL-0018] Movable instances area:        552.730 um^2
[INFO GPL-0019] Utilization:                    44.687 %
[INFO GPL-0020] Standard cells area:           552.730 um^2
[INFO GPL-0021] Large instances area:            0.000 um^2
[INFO GPL-0005] ---- Execute Conjugate Gradient Initial Placement.
[INFO GPL-0051] Source of initial instance position counters:
	Odb location = 0	Core center = 299	Region center = 0
[INFO GPL-0033] ---- Initialize Nesterov Region: Top-level
[INFO GPL-0023] Placement target density:       0.5700
[INFO GPL-0024] Movable insts average area:      1.849 um^2
[INFO GPL-0025] Ideal bin area:                  3.243 um^2
[INFO GPL-0026] Ideal bin count:                   385
[INFO GPL-0027] Total bin area:               1250.200 um^2
[INFO GPL-0028] Bin count (X, Y):          16 ,     16
[INFO GPL-0029] Bin size (W * H):       2.232 *  2.188 um
[INFO GPL-0030] Number of bins:                    256
[INFO GPL-0084] ---- Execute Nesterov Global Placement.
[INFO GPL-0031] HPWL: Half-Perimeter Wirelength
Iteration | Overflow |     HPWL (um) |  HPWL(%) |   Penalty | Group
---------------------------------------------------------------
        0 |   0.9796 |  2.658360e+02 |   +0.00% |  3.53e-14 |      
       10 |   0.9615 |  2.273815e+02 |  -14.47% |  5.75e-14 |      
       20 |   0.9594 |  2.255235e+02 |   -0.82% |  9.37e-14 |      
       30 |   0.9594 |  2.247885e+02 |   -0.33% |  1.53e-13 |      
       40 |   0.9594 |  2.242680e+02 |   -0.23% |  2.49e-13 |      
       50 |   0.9594 |  2.242030e+02 |   -0.03% |  4.05e-13 |      
       60 |   0.9594 |  2.241185e+02 |   -0.04% |  6.60e-13 |      
       70 |   0.9594 |  2.242515e+02 |   +0.06% |  1.07e-12 |      
       80 |   0.9591 |  2.250295e+02 |   +0.35% |  1.75e-12 |      
       90 |   0.9585 |  2.264985e+02 |   +0.65% |  2.85e-12 |      
      100 |   0.9567 |  2.294390e+02 |   +1.30% |  4.65e-12 |      
      110 |   0.9481 |  2.348680e+02 |   +2.37% |  7.57e-12 |      
      120 |   0.9377 |  2.429590e+02 |   +3.44% |  1.23e-11 |      
      130 |   0.9263 |  2.543850e+02 |   +4.70% |  2.01e-11 |      
      140 |   0.9032 |  2.676065e+02 |   +5.20% |  3.27e-11 |      
      150 |   0.8783 |  2.817115e+02 |   +5.27% |  5.33e-11 |      
      160 |   0.8554 |  2.956715e+02 |   +4.96% |  8.68e-11 |      
      170 |   0.8346 |  3.138300e+02 |   +6.14% |  1.41e-10 |      
      180 |   0.8056 |  3.478725e+02 |  +10.85% |  2.30e-10 |      
      190 |   0.7679 |  3.988895e+02 |  +14.67% |  3.75e-10 |      
      200 |   0.7217 |  4.407420e+02 |  +10.49% |  6.11e-10 |      
      210 |   0.6892 |  4.963545e+02 |  +12.62% |  9.95e-10 |      
      220 |   0.6503 |  5.446265e+02 |   +9.73% |  1.62e-09 |      
      230 |   0.6226 |  5.954370e+02 |   +9.33% |  2.64e-09 |      
      240 |   0.5767 |  6.388120e+02 |   +7.28% |  4.30e-09 |      
      250 |   0.5319 |  6.820225e+02 |   +6.76% |  7.00e-09 |      
      260 |   0.4782 |  7.471225e+02 |   +9.55% |  1.14e-08 |      
      270 |   0.4527 |  7.793815e+02 |   +4.32% |  1.86e-08 |      
      280 |   0.4079 |  8.277865e+02 |   +6.21% |  3.03e-08 |      
      290 |   0.3583 |  8.649030e+02 |   +4.48% |  4.93e-08 |      
      300 |   0.3140 |  8.771470e+02 |   +1.42% |  7.49e-08 |      
      310 |   0.2820 |  9.044155e+02 |   +3.11% |  1.10e-07 |      
      320 |   0.2462 |  9.199835e+02 |   +1.72% |  1.62e-07 |      
      330 |   0.2114 |  9.323315e+02 |   +1.34% |  2.39e-07 |      
      340 |   0.1916 |  9.578025e+02 |   +2.73% |  3.53e-07 |      
      350 |   0.1581 |  9.779080e+02 |   +2.10% |  5.19e-07 |      
      360 |   0.1278 |  9.933740e+02 |   +1.58% |  7.65e-07 |      
      370 |   0.1058 |  1.007534e+03 |   +1.43% |  1.13e-06 |      
      373 |   0.0981 |  1.011722e+03 |          |  1.32e-06 |      
---------------------------------------------------------------
[INFO GPL-1001] Global placement finished at iteration 373
[INFO GPL-1002] Placed Cell Area              552.7297
[INFO GPL-1003] Available Free Area          1236.9000
[INFO GPL-1004] Minimum Feasible Density        0.4500 (cell_area / free_area)
[INFO GPL-1006]   Suggested Target Densities:
[INFO GPL-1007]     - For 90% usage of free space: 0.4965
[INFO GPL-1008]     - For 80% usage of free space: 0.5586
[INFO GPL-1009]     - For 50% usage of free space: 0.8937
[INFO GPL-1014] Final placement area: 552.73 (+0.00%)
[INFO GPL-1018] Final HPWL (um): 1017.29
Design area 537 um^2 43% utilization.
write_db /design/work/results/nangate45/UART16/base/3_1_place_gp_skip_io.odb
Elapsed time: 0:00.51[h:]min:sec. CPU time: user 0.41 sys 0.11 (102%). Peak memory: 97152KB.
Log                       Ext     Elapsed/s Peak Memory/MB sha1sum result [0:20)
3_1_place_gp_skip_io      .odb            0             94 0ed8e546bb0cf163c329
/OpenROAD-flow-scripts/flow/scripts/flow.sh 3_2_place_iop io_placement
Running io_placement.tcl, stage 3_2_place_iop
read_liberty /OpenROAD-flow-scripts/flow/platforms/nangate45/lib/NangateOpenCellLibrary_typical.lib
read_db /design/work/results/nangate45/UART16/base/3_1_place_gp_skip_io.odb
read_sdc /design/work/results/nangate45/UART16/base/2_floorplan.sdc
source /OpenROAD-flow-scripts/flow/platforms/nangate45/setRC.tcl
place_pins -hor_layers metal5 -ver_layers metal6
Found 0 macro blocks.
Using 2 tracks default min distance between IO pins.
[INFO PPL-0001] Number of available slots 256
[INFO PPL-0002] Number of I/O             41
[INFO PPL-0003] Number of I/O w/sink      31
[INFO PPL-0004] Number of I/O w/o sink    10
[INFO PPL-0005] Slots per section         200
[INFO PPL-0008] Successfully assigned pins to sections.
[INFO PPL-0012] I/O nets HPWL: 305.71 um.
Design area 537 um^2 43% utilization.
write_db /design/work/results/nangate45/UART16/base/3_2_place_iop.odb
Elapsed time: 0:00.34[h:]min:sec. CPU time: user 0.28 sys 0.05 (98%). Peak memory: 96512KB.
Log                       Ext     Elapsed/s Peak Memory/MB sha1sum result [0:20)
3_2_place_iop             .odb            0             94 eede6b4edb839f5504fd
/OpenROAD-flow-scripts/flow/scripts/flow.sh 3_3_place_gp global_place
Running global_place.tcl, stage 3_3_place_gp
read_liberty /OpenROAD-flow-scripts/flow/platforms/nangate45/lib/NangateOpenCellLibrary_typical.lib
read_db /design/work/results/nangate45/UART16/base/3_2_place_iop.odb
read_sdc /design/work/results/nangate45/UART16/base/2_floorplan.sdc
source /OpenROAD-flow-scripts/flow/platforms/nangate45/setRC.tcl
[INFO RSZ-0026] Removed 15 buffers.
Perform port buffering...
[INFO RSZ-0027] Inserted 13 BUF_X1 input buffers.
[INFO RSZ-0028] Inserted 9 BUF_X1 output buffers.
[INFO GPL-0190] Using 2 of 4 threads for placement: one per core, SMT siblings idle.
[INFO GPL-0022] Initialize gpl and calculate uniform density.
Placement density is 0.5699999904632569, computed from PLACE_DENSITY_LB_ADDON  0.20 and lower bound 0.44999998807907104
global_placement -density 0.5699999904632569 -pad_left 0 -pad_right 0 -routability_driven -timing_driven -force_center_initial_place -min_phi_coef 0.95 -max_phi_coef 1.05
[INFO GPL-0001] ---- Initialize GPL Main Data Structures
[INFO GPL-0002] DBU: 2000
[INFO GPL-0003] SiteSize: (  0.190  1.400 ) um
[INFO GPL-0004] CoreBBox: (  1.140  1.400 ) ( 36.860 36.400 ) um
[INFO GPL-0016] Core area:                    1250.200 um^2
[INFO GPL-0036] Movable instances area:        521.892 um^2
[INFO GPL-0037] Total instances area:          535.192 um^2
[INFO GPL-0035] Pin density area adjust:        28.342 um^2
[INFO GPL-0032] ---- Initialize Region: Top-level
[INFO GPL-0006] Number of instances:               356
[INFO GPL-0007] Movable instances:                 306
[INFO GPL-0008] Fixed instances:                    50
[INFO GPL-0009] Dummy instances:                     0
[INFO GPL-0010] Number of nets:                    400
[INFO GPL-0011] Number of pins:                   1016
[INFO GPL-0012] Die BBox:       (  0.000  0.000 ) ( 38.045 38.045 ) um
[INFO GPL-0013] Placement BBox: (  1.140  1.400 ) ( 36.860 36.400 ) um
[INFO GPL-0014] Region name: top-level.
[INFO GPL-0015] Region area:                  1250.200 um^2
[INFO GPL-0017] Fixed instances area:           13.300 um^2
[INFO GPL-0018] Movable instances area:        550.234 um^2
[INFO GPL-0019] Utilization:                    44.485 %
[INFO GPL-0020] Standard cells area:           550.234 um^2
[INFO GPL-0021] Large instances area:            0.000 um^2
[INFO GPL-0005] ---- Execute Conjugate Gradient Initial Placement.
[INFO GPL-0051] Source of initial instance position counters:
	Odb location = 0	Core center = 306	Region center = 0
[InitialPlace]  Iter: 1 conjugate gradient residual: 0.00000010 HPWL: 4771564
[InitialPlace]  Iter: 2 conjugate gradient residual: 0.00000008 HPWL: 3543651
[InitialPlace]  Iter: 3 conjugate gradient residual: 0.00000006 HPWL: 3481908
[InitialPlace]  Iter: 4 conjugate gradient residual: 0.00000006 HPWL: 3455916
[InitialPlace]  Iter: 5 conjugate gradient residual: 0.00000011 HPWL: 3430189
[INFO GPL-0033] ---- Initialize Nesterov Region: Top-level
[INFO GPL-0023] Placement target density:       0.5700
[INFO GPL-0024] Movable insts average area:      1.798 um^2
[INFO GPL-0025] Ideal bin area:                  3.155 um^2
[INFO GPL-0026] Ideal bin count:                   396
[INFO GPL-0027] Total bin area:               1250.200 um^2
[INFO GPL-0028] Bin count (X, Y):          16 ,     16
[INFO GPL-0029] Bin size (W * H):       2.232 *  2.188 um
[INFO GPL-0030] Number of bins:                    256
[INFO GPL-0084] ---- Execute Nesterov Global Placement.
[INFO GPL-0031] HPWL: Half-Perimeter Wirelength
Iteration | Overflow |     HPWL (um) |  HPWL(%) |   Penalty | Group
---------------------------------------------------------------
        0 |   0.8231 |  6.038380e+02 |   +0.00% |  3.78e-14 |      
       10 |   0.7935 |  6.340240e+02 |   +5.00% |  6.16e-14 |      
       20 |   0.7849 |  6.368345e+02 |   +0.44% |  1.00e-13 |      
       30 |   0.7783 |  6.375915e+02 |   +0.12% |  1.64e-13 |      
       40 |   0.7682 |  6.389815e+02 |   +0.22% |  2.66e-13 |      
       50 |   0.7658 |  6.402665e+02 |   +0.20% |  4.34e-13 |      
       60 |   0.7684 |  6.413630e+02 |   +0.17% |  7.07e-13 |      
       70 |   0.7684 |  6.421105e+02 |   +0.12% |  1.15e-12 |      
       80 |   0.7675 |  6.427260e+02 |   +0.10% |  1.88e-12 |      
       90 |   0.7668 |  6.435580e+02 |   +0.13% |  3.06e-12 |      
      100 |   0.7663 |  6.445475e+02 |   +0.15% |  4.98e-12 |      
      110 |   0.7653 |  6.458000e+02 |   +0.19% |  8.11e-12 |      
      120 |   0.7631 |  6.481095e+02 |   +0.36% |  1.32e-11 |      
      130 |   0.7574 |  6.520650e+02 |   +0.61% |  2.15e-11 |      
      140 |   0.7509 |  6.579450e+02 |   +0.90% |  3.50e-11 |      
      150 |   0.7432 |  6.655920e+02 |   +1.16% |  5.71e-11 |      
      160 |   0.7257 |  6.753150e+02 |   +1.46% |  9.30e-11 |      
      170 |   0.7207 |  6.868180e+02 |   +1.70% |  1.51e-10 |      
      180 |   0.7028 |  7.067070e+02 |   +2.90% |  2.47e-10 |      
      190 |   0.6811 |  7.316230e+02 |   +3.53% |  4.02e-10 |      
      200 |   0.6671 |  7.550635e+02 |   +3.20% |  6.54e-10 |      
      210 |   0.6279 |  7.868025e+02 |   +4.20% |  1.07e-09 |      
[INFO GPL-0100] Timing-driven iteration 1/2, virtual: false.
[INFO GPL-0101]    Iter: 211, overflow: 0.628, keep resizer changes at: 1, HPWL: 1573605
Iteration |   Area    | Resized | Buffers | Nets repaired | Remaining
---------------------------------------------------------------------
        0 |     +0.0% |       0 |       0 |             0 |       400
    final |     +0.0% |       0 |       0 |             0 |         0
---------------------------------------------------------------------
   Iter   |    Area   | Removed | Inserted |   Pins
          |           | Buffers | Buffers  | Remaining
-------------------------------------------------------
        0 |     +0.0% |       0 |        0 |       368
       36 |     +0.0% |       0 |        0 |       332
       72 |     +0.0% |       0 |        0 |       296
      108 |     +0.0% |       0 |        0 |       260
      144 |     +0.0% |       0 |        0 |       224
      180 |     +0.0% |       0 |        0 |       188
      216 |     +0.0% |       0 |        0 |       152
      252 |     +0.0% |       0 |        0 |       116
      288 |     +0.0% |       0 |        0 |        80
      324 |     +0.0% |       0 |        0 |        44
      360 |     +0.0% |       0 |        0 |         8
    final |     +0.1% |       0 |        1 |         0
-------------------------------------------------------
[INFO GPL-0106] Timing-driven: worst slack -9.2e-11
[INFO GPL-0107] Timing-driven: repair_design delta area: 0.798 um^2 (+0.15%)
[INFO GPL-0108] Timing-driven: repair_design, gpl delta gcells: 1 (+0.33%)
[INFO GPL-0109] Timing-driven: repair_design, gcells created: 1, deleted: 0
[INFO GPL-0110] Timing-driven: new target density: 0.57064515
Iteration | Overflow |     HPWL (um) |  HPWL(%) |   Penalty | Group
---------------------------------------------------------------
      220 |   0.6105 |  8.264285e+02 |   +5.04% |  1.74e-09 |      
[INFO GPL-0038] Routability snapshot saved at iter = 225
      224 |   0.5996 |  8.238105e+02 |          |           |      
      230 |   0.5759 |  8.408430e+02 |   +1.74% |  2.83e-09 |      
      240 |   0.5498 |  8.698790e+02 |   +3.45% |  4.61e-09 |      
      250 |   0.5039 |  8.904185e+02 |   +2.36% |  7.50e-09 |      
      260 |   0.4697 |  9.244850e+02 |   +3.83% |  1.22e-08 |      
      270 |   0.4238 |  9.576445e+02 |   +3.59% |  1.99e-08 |      
      280 |   0.3841 |  9.980535e+02 |   +4.22% |  3.24e-08 |      
      290 |   0.3377 |  1.020389e+03 |   +2.24% |  5.23e-08 |      
      300 |   0.3068 |  1.040301e+03 |   +1.95% |  7.70e-08 |      
[INFO GPL-0040] Routability iteration: 1
[INFO GPL-0088] Tiles the placer can act on: 89 of 169 (52.66%)
[INFO GPL-0041] Total routing overflow: 0.0000
[INFO GPL-0042] Number of overflowed tiles: 0 (0.00%)
[INFO GPL-0043] Average top 0.5% routing congestion: 0.2740
[INFO GPL-0044] Average top 1.0% routing congestion: 0.2740
[INFO GPL-0045] Average top 2.0% routing congestion: 0.2668
[INFO GPL-0046] Average top 5.0% routing congestion: 0.2342
[INFO GPL-0047] Routability iteration weighted routing congestion: 0.2740
[INFO GPL-0050] Weighted routing congestion is lower than target routing congestion(1.0100), end routability optimization.
[INFO GPL-0090] Routability finished. Target routing congestion achieved succesfully.
Iteration | Overflow |     HPWL (um) |  HPWL(%) |   Penalty | Group
---------------------------------------------------------------
      310 |   0.2726 |  1.062339e+03 |   +2.12% |  1.13e-07 |      
      320 |   0.2354 |  1.085717e+03 |   +2.20% |  1.67e-07 |      
      330 |   0.2068 |  1.106219e+03 |   +1.89% |  2.46e-07 |      
[INFO GPL-0100] Timing-driven iteration 2/2, virtual: false.
[INFO GPL-0101]    Iter: 335, overflow: 0.194, keep resizer changes at: 1, HPWL: 2227929
Iteration |   Area    | Resized | Buffers | Nets repaired | Remaining
---------------------------------------------------------------------
        0 |     +0.0% |       0 |       0 |             0 |       401
    final |     +0.0% |       0 |       0 |             0 |         0
---------------------------------------------------------------------
   Iter   |    Area   | Removed | Inserted |   Pins
          |           | Buffers | Buffers  | Remaining
-------------------------------------------------------
        0 |     +0.0% |       0 |        0 |       368
       36 |     +0.0% |       0 |        0 |       332
       72 |     +0.0% |       0 |        0 |       296
      108 |     +0.0% |       0 |        0 |       260
      144 |     +0.0% |       0 |        0 |       224
      180 |     +0.0% |       0 |        0 |       188
      216 |     +0.0% |       0 |        0 |       152
      252 |     +0.0% |       0 |        0 |       116
      288 |     +0.0% |       0 |        0 |        80
      324 |     +0.0% |       0 |        0 |        44
      360 |     +0.1% |       0 |        1 |         8
    final |     +0.1% |       1 |        2 |         0
-------------------------------------------------------
[INFO GPL-0106] Timing-driven: worst slack -9.2e-11
[INFO GPL-0107] Timing-driven: repair_design delta area: 0.798 um^2 (+0.14%)
[INFO GPL-0108] Timing-driven: repair_design, gpl delta gcells: 1 (+0.33%)
[INFO GPL-0109] Timing-driven: repair_design, gcells created: 2, deleted: 1
[INFO GPL-0110] Timing-driven: new target density: 0.5712903
Iteration | Overflow |     HPWL (um) |  HPWL(%) |   Penalty | Group
---------------------------------------------------------------
      340 |   0.1713 |  1.132389e+03 |   +2.37% |  3.63e-07 |      
      350 |   0.1450 |  1.151590e+03 |   +1.70% |  5.34e-07 |      
      360 |   0.1248 |  1.172154e+03 |   +1.79% |  7.87e-07 |      
      370 |   0.1014 |  1.186344e+03 |   +1.21% |  1.16e-06 |      
      371 |   0.0996 |  1.187800e+03 |          |  1.25e-06 |      
---------------------------------------------------------------
[INFO GPL-1001] Global placement finished at iteration 371
[INFO GPL-1017] Routability mode iteration count: 78
[INFO GPL-1005] Routability final weighted congestion: 0.2037
[INFO GPL-1002] Placed Cell Area              551.8298
[INFO GPL-1003] Available Free Area          1236.9000
[INFO GPL-1004] Minimum Feasible Density        0.4500 (cell_area / free_area)
[INFO GPL-1006]   Suggested Target Densities:
[INFO GPL-1007]     - For 90% usage of free space: 0.4957
[INFO GPL-1008]     - For 80% usage of free space: 0.5577
[INFO GPL-1009]     - For 50% usage of free space: 0.8923
[INFO GPL-1011] Original area (um^2): 550.23
[INFO GPL-1012] Total routability artificial inflation: 0.00 (+0.00%)
[INFO GPL-1013] Total timing-driven delta area: 1.60 (+0.29%)
[INFO GPL-1014] Final placement area: 551.83 (+0.29%)
[INFO GPL-1018] Final HPWL (um): 1193.72
estimate_parasitics -placement
Report metrics stage 3, global place...

==========================================================================
global place report_design_area
--------------------------------------------------------------------------
Design area 537 um^2 43% utilization.
write_db /design/work/results/nangate45/UART16/base/3_3_place_gp.odb
Elapsed time: 0:00.85[h:]min:sec. CPU time: user 0.69 sys 0.23 (107%). Peak memory: 276980KB.
Log                       Ext     Elapsed/s Peak Memory/MB sha1sum result [0:20)
3_3_place_gp              .odb            0            270 421dc62f0c42585e2c24
/OpenROAD-flow-scripts/flow/scripts/flow.sh 3_4_place_resized resize
Running resize.tcl, stage 3_4_place_resized
read_liberty /OpenROAD-flow-scripts/flow/platforms/nangate45/lib/NangateOpenCellLibrary_typical.lib
read_db /design/work/results/nangate45/UART16/base/3_3_place_gp.odb
read_sdc /design/work/results/nangate45/UART16/base/2_floorplan.sdc
source /OpenROAD-flow-scripts/flow/platforms/nangate45/setRC.tcl
estimate_parasitics -placement
Perform buffer insertion and gate resizing...
repair_design -verbose
Iteration |   Area    | Resized | Buffers | Nets repaired | Remaining
---------------------------------------------------------------------
        0 |     +0.0% |       0 |       0 |             0 |       402
       10 |     +0.0% |       0 |       0 |             0 |       392
       20 |     +0.0% |       0 |       0 |             0 |       382
       30 |     +0.0% |       0 |       0 |             0 |       372
       40 |     +0.0% |       0 |       0 |             0 |       362
       50 |     +0.0% |       0 |       0 |             0 |       352
       60 |     +0.0% |       0 |       0 |             0 |       342
       70 |     +0.0% |       0 |       0 |             0 |       332
       80 |     +0.0% |       0 |       0 |             0 |       322
       90 |     +0.0% |       0 |       0 |             0 |       312
      100 |     +0.0% |       0 |       0 |             0 |       302
      110 |     +0.0% |       0 |       0 |             0 |       292
      120 |     +0.0% |       0 |       0 |             0 |       282
      130 |     +0.0% |       0 |       0 |             0 |       272
      140 |     +0.0% |       0 |       0 |             0 |       262
      150 |     +0.0% |       0 |       0 |             0 |       252
      160 |     +0.0% |       0 |       0 |             0 |       242
      170 |     +0.0% |       0 |       0 |             0 |       232
      180 |     +0.0% |       0 |       0 |             0 |       222
      190 |     +0.0% |       0 |       0 |             0 |       212
      200 |     +0.0% |       0 |       0 |             0 |       202
      210 |     +0.0% |       0 |       0 |             0 |       192
      220 |     +0.0% |       0 |       0 |             0 |       182
      230 |     +0.0% |       0 |       0 |             0 |       172
      240 |     +0.0% |       0 |       0 |             0 |       162
      250 |     +0.0% |       0 |       0 |             0 |       152
      260 |     +0.0% |       0 |       0 |             0 |       142
      270 |     +0.0% |       0 |       0 |             0 |       132
      280 |     +0.0% |       0 |       0 |             0 |       122
      290 |     +0.0% |       0 |       0 |             0 |       112
      300 |     +0.0% |       0 |       0 |             0 |       102
      310 |     +0.0% |       0 |       0 |             0 |        92
      320 |     +0.0% |       0 |       0 |             0 |        82
      330 |     +0.0% |       0 |       0 |             0 |        72
      340 |     +0.0% |       0 |       0 |             0 |        62
      350 |     +0.0% |       0 |       0 |             0 |        52
      360 |     +0.0% |       0 |       0 |             0 |        42
      370 |     +0.0% |       0 |       0 |             0 |        32
      380 |     +0.0% |       0 |       0 |             0 |        22
      390 |     +0.0% |       0 |       0 |             0 |        12
      400 |     +0.0% |       0 |       0 |             0 |         2
    final |     +0.0% |       0 |       0 |             0 |         0
---------------------------------------------------------------------
[INFO RSZ-0504] Runtime: 0.03s
Floating nets: 
Report metrics stage 3, resizer...

==========================================================================
resizer report_design_area
--------------------------------------------------------------------------
Design area 537 um^2 43% utilization.
Instance count before 358, after 358
Pin count before 979, after 979
write_db /design/work/results/nangate45/UART16/base/3_4_place_resized.odb
Elapsed time: 0:00.49[h:]min:sec. CPU time: user 0.44 sys 0.08 (105%). Peak memory: 128952KB.
Log                       Ext     Elapsed/s Peak Memory/MB sha1sum result [0:20)
3_4_place_resized         .odb            0            125 421dc62f0c42585e2c24
/OpenROAD-flow-scripts/flow/scripts/flow.sh 3_5_place_dp detail_place
Running detail_place.tcl, stage 3_5_place_dp
read_liberty /OpenROAD-flow-scripts/flow/platforms/nangate45/lib/NangateOpenCellLibrary_typical.lib
read_db /design/work/results/nangate45/UART16/base/3_4_place_resized.odb
read_sdc /design/work/results/nangate45/UART16/base/2_floorplan.sdc
source /OpenROAD-flow-scripts/flow/platforms/nangate45/setRC.tcl
detailed_placement
[INFO DPL-0006] Core area: 1250.20 um^2
[INFO DPL-0007] Movable instances area: 523.49 um^2
[INFO DPL-0008] Fixed instances area within core: 13.30 um^2
[INFO DPL-0009] Utilization: 42.9%
[INFO DPL-0005] Diamond search max displacement: +/- 500 sites horizontally, +/- 100 rows vertically.
[INFO DPL-1102] Legalizing using negotiation legalizer.
[INFO DPL-1103] Negotiation base search window: +/-20 sites horizontally, +/-5 rows vertically 
	Automatic search window extension enabled.
	Search window extendable up to the max displacement cap of +/-500 sites, +/-100 rows near walls.
[INFO DPL-1104] NegotiationLegalizer DRC penalty: 5.
[INFO DPL-0392] Negotiation cell height distribution (1 unique row-count(s)):
[INFO DPL-0393]   height 1 row(s): 358 cells
          |      Total |  Illegal |  Illegal
Iteration | Violations |    Cells |    Sites
---------------------------------------------
        0 |         85 |        33 |        52
        1 |          0 |         0 |         0
Negotiation phase 1 converged at iteration 1.
[INFO DPL-0500] Runtime: 0.00s
Detailed Placement Analysis
---------------------------------
legalizer            negotiation
total moves                 324
total displacement        371.2 u
average displacement        1.0 u
max displacement            3.7 u
original HPWL            1193.7 u
legalized HPWL           1418.7 u
delta HPWL                   19 %

improve_placement -max_displacement "5 1"
Detailed placement improvement.
[INFO DPL-0401] Setting random seed to 1.
[INFO DPL-0402] Setting maximum displacement 5 1 to 14000 2800 units.
[INFO DPL-0320] Collected 91 fixed cells.
[INFO DPL-0318] Collected 308 single height cells.
[INFO DPL-0321] Collected 0 wide cells.
[INFO DPL-0322] Image (2280, 2800) - (73720, 72800)
[INFO DPL-0310] Assigned 308 cells into segments.  Movement in X-direction is 0.000000, movement in Y-direction is 0.000000.
[INFO DPL-0313] Found 0 cells in wrong regions.
[INFO DPL-0315] Found 0 row alignment problems.
[INFO DPL-0314] Found 0 site alignment problems.
[INFO DPL-0311] Found 0 overlaps between adjacent cells.
[INFO DPL-0312] Found 0 edge spacing violations and 0 padding violations.
[INFO DPL-0303] Running algorithm for independent set matching.
[INFO DPL-0300] Set matching objective is wirelength.
[INFO DPL-0301] Pass   1 of matching; objective is 2.835880e+06.
[INFO DPL-0302] End of matching; objective is 2.823010e+06, improvement is 0.45 percent.
[INFO DPL-0303] Running algorithm for global swaps.
[INFO DPL-0306] Pass   1 of global swaps; hpwl is 2.759350e+06.
[INFO DPL-0306] Pass   2 of global swaps; hpwl is 2.744755e+06.
[INFO DPL-0307] End of global swaps; objective is 2.744755e+06, improvement is 2.77 percent.
[INFO DPL-0303] Running algorithm for vertical swaps.
[INFO DPL-0308] Pass   1 of vertical swaps; hpwl is 2.717515e+06.
[INFO DPL-0309] End of vertical swaps; objective is 2.717515e+06, improvement is 0.99 percent.
[INFO DPL-0303] Running algorithm for reordering.
[INFO DPL-0304] Pass   1 of reordering; objective is 2.709655e+06.
[INFO DPL-0305] End of reordering; objective is 2.709655e+06, improvement is 0.29 percent.
[INFO DPL-0303] Running algorithm for random improvement.
[INFO DPL-0324] Random improver is using random generator.
[INFO DPL-0325] Random improver is using hpwl objective.
[INFO DPL-0326] Random improver cost string is (a).
[INFO DPL-0332] End of pass, Generator random called 6160 times.
[INFO DPL-0335] Generator random, Cumulative attempts 6160, swaps 939, moves  2142 since last reset.
[INFO DPL-0333] End of pass, Objective hpwl, Initial cost 2.709655e+06, Scratch cost 2.642625e+06, Incremental cost 2.642625e+06, Mismatch? N
[INFO DPL-0338] End of pass, Total cost is 2.642625e+06.
[INFO DPL-0327] Pass   1 of random improver; improvement in cost is 2.47 percent.
[INFO DPL-0332] End of pass, Generator random called 6160 times.
[INFO DPL-0335] Generator random, Cumulative attempts 12320, swaps 1799, moves  4282 since last reset.
[INFO DPL-0333] End of pass, Objective hpwl, Initial cost 2.642625e+06, Scratch cost 2.600620e+06, Incremental cost 2.600620e+06, Mismatch? N
[INFO DPL-0338] End of pass, Total cost is 2.600620e+06.
[INFO DPL-0327] Pass   2 of random improver; improvement in cost is 1.59 percent.
[INFO DPL-0332] End of pass, Generator random called 6160 times.
[INFO DPL-0335] Generator random, Cumulative attempts 18480, swaps 2671, moves  6412 since last reset.
[INFO DPL-0333] End of pass, Objective hpwl, Initial cost 2.600620e+06, Scratch cost 2.585595e+06, Incremental cost 2.585595e+06, Mismatch? N
[INFO DPL-0338] End of pass, Total cost is 2.585595e+06.
[INFO DPL-0327] Pass   3 of random improver; improvement in cost is 0.58 percent.
[INFO DPL-0328] End of random improver; improvement is 4.578443 percent.
[INFO DPL-0380] Cell flipping.
[INFO DPL-0382] Changed 0 cell orientations for row compatibility.
[INFO DPL-0383] Performed 110 cell flips.
[INFO DPL-0384] End of flipping; objective is 2.479240e+06, improvement is 4.11 percent.
[INFO DPL-0313] Found 0 cells in wrong regions.
[INFO DPL-0315] Found 0 row alignment problems.
[INFO DPL-0314] Found 0 site alignment problems.
[INFO DPL-0311] Found 0 overlaps between adjacent cells.
[INFO DPL-0312] Found 0 edge spacing violations and 0 padding violations.
Place Optimization Analysis
---------------------------------
total attempts            36960
relocated cells             186
total displacement        289.7 u
average displacement        1.6 u
max displacement            6.7 u
original HPWL            1418.7 u
improved HPWL            1244.8 u
delta HPWL                  -12 %

optimize_mirroring
[INFO DPL-0020] Mirrored 14 instances
[INFO DPL-0021] HPWL before            1244.8 u
[INFO DPL-0022] HPWL after             1244.0 u
[INFO DPL-0023] HPWL delta               -0.1 %
[INFO FLW-0012] Placement violations .
estimate_parasitics -placement
Report metrics stage 3, detailed place...

==========================================================================
detailed place report_design_area
--------------------------------------------------------------------------
Design area 537 um^2 43% utilization.
write_db /design/work/results/nangate45/UART16/base/3_5_place_dp.odb
write_sdc -no_timestamp /design/work/results/nangate45/UART16/base/3_place.sdc
Elapsed time: 0:00.51[h:]min:sec. CPU time: user 0.47 sys 0.08 (105%). Peak memory: 102912KB.
Log                       Ext     Elapsed/s Peak Memory/MB sha1sum result [0:20)
3_5_place_dp              .odb            0            100 afdaea332b47731cab9e
cp /design/work/results/nangate45/UART16/base/3_5_place_dp.odb /design/work/results/nangate45/UART16/base/3_place.odb
/OpenROAD-flow-scripts/flow/scripts/flow.sh 4_1_cts cts
Running cts.tcl, stage 4_1_cts
read_liberty /OpenROAD-flow-scripts/flow/platforms/nangate45/lib/NangateOpenCellLibrary_typical.lib
read_db /design/work/results/nangate45/UART16/base/3_place.odb
read_sdc /design/work/results/nangate45/UART16/base/3_place.sdc
source /OpenROAD-flow-scripts/flow/platforms/nangate45/setRC.tcl
clock_tree_synthesis -sink_clustering_enable -repair_clock_nets
[INFO CTS-0050] Root buffer is CLKBUF_X3.
[INFO CTS-0051] Sink buffer is CLKBUF_X3.
[INFO CTS-0052] The following clock buffers will be used for CTS:
                    CLKBUF_X3
[INFO CTS-0049] Characterization buffer is CLKBUF_X3.
[INFO CTS-0007] Net "clk" found for clock "core_clock".
[INFO CTS-0010]  Clock net "clk" has 18 sinks.
[INFO CTS-0008] TritonCTS found 1 clock nets.
[INFO CTS-0097] Characterization used 1 buffer(s) types.
[INFO CTS-0201] 0 blockages from hard placement blockages and placed macros will be used.
[INFO CTS-0027] Generating H-Tree topology for net clk.
[INFO CTS-0028]  Total number of sinks: 18.
[INFO CTS-0090]  Sinks will be clustered based on buffer max cap.
[INFO CTS-0030]  Number of static layers: 0.
[INFO CTS-0020]  Wire segment unit: 14000  dbu (7 um).
[INFO CTS-0023]  Original sink region: [(41990, 20830), (70110, 68770)].
[INFO CTS-0024]  Normalized sink region: [(2.99929, 1.48786), (5.00786, 4.91214)].
[INFO CTS-0025]     Width:  2.0086.
[INFO CTS-0026]     Height: 3.4243.
 Level 1
    Direction: Vertical
    Sinks per sub-region: 9
    Sub-region size: 2.0086 X 1.7121
[INFO CTS-0034]     Segment length (rounded): 1.
[INFO CTS-0038]  Stop criterion found. Sink region hpwl is smaller than max wirelength (591.189 um) and max number of sinks is 15.
[INFO CTS-0035]  Number of sinks covered: 18.
[INFO CTS-0018]     Created 3 clock buffers.
[INFO CTS-0012]     Minimum number of buffers in the clock path: 2.
[INFO CTS-0013]     Maximum number of buffers in the clock path: 2.
[INFO CTS-0015]     Created 3 clock nets.
[INFO CTS-0016]     Fanout distribution for the current clock = 8:1, 10:1..
[INFO CTS-0017]     Max level of the clock tree: 1.
[INFO CTS-0098] Clock net "clk"
[INFO CTS-0099]  Sinks 19
[INFO CTS-0100]  Leaf buffers 0
[INFO CTS-0101]  Average sink wire length 35.54 um
[INFO CTS-0102]  Path depth 2 - 2
[INFO CTS-0207]  Dummy loads inserted 1
[INFO CTS-0500] Runtime: 0.15s
estimate_parasitics -placement
detailed_placement
[INFO DPL-0006] Core area: 1250.20 um^2
[INFO DPL-0007] Movable instances area: 528.01 um^2
[INFO DPL-0008] Fixed instances area within core: 13.30 um^2
[INFO DPL-0009] Utilization: 43.3%
[INFO DPL-0005] Diamond search max displacement: +/- 500 sites horizontally, +/- 100 rows vertically.
[INFO DPL-1102] Legalizing using negotiation legalizer.
[INFO DPL-1103] Negotiation base search window: +/-20 sites horizontally, +/-5 rows vertically 
	Automatic search window extension enabled.
	Search window extendable up to the max displacement cap of +/-500 sites, +/-100 rows near walls.
[INFO DPL-1104] NegotiationLegalizer DRC penalty: 5.
[INFO DPL-0392] Negotiation cell height distribution (1 unique row-count(s)):
[INFO DPL-0393]   height 1 row(s): 362 cells
          |      Total |  Illegal |  Illegal
Iteration | Violations |    Cells |    Sites
---------------------------------------------
        0 |         24 |         4 |        20
        1 |          0 |         0 |         0
Negotiation phase 1 converged at iteration 1.
[INFO DPL-0500] Runtime: 0.00s
Detailed Placement Analysis
---------------------------------
legalizer            negotiation
total moves                 109
total displacement        100.5 u
average displacement        0.3 u
max displacement            3.2 u
original HPWL            1287.3 u
legalized HPWL           1344.2 u
delta HPWL                    4 %

estimate_parasitics -placement
repair_timing -setup_margin 0 -hold_margin 0 -repair_tns 100 -verbose
[INFO RSZ-0100] Repair move sequence: UnbufferMove SizeUpMove SwapPinsMove BufferMove CloneMove SplitLoadMove 
[INFO RSZ-0098] No setup violations found
[INFO RSZ-0505] Runtime: 0.02s
[INFO RSZ-0033] No hold violations found.
[INFO RSZ-0506] Runtime: 0.00s
Repair timing output passed lec test
detailed_placement
[INFO DPL-0006] Core area: 1250.20 um^2
[INFO DPL-0007] Movable instances area: 528.01 um^2
[INFO DPL-0008] Fixed instances area within core: 13.30 um^2
[INFO DPL-0009] Utilization: 43.3%
[INFO DPL-0005] Diamond search max displacement: +/- 500 sites horizontally, +/- 100 rows vertically.
[INFO DPL-1102] Legalizing using negotiation legalizer.
[INFO DPL-1103] Negotiation base search window: +/-20 sites horizontally, +/-5 rows vertically 
	Automatic search window extension enabled.
	Search window extendable up to the max displacement cap of +/-500 sites, +/-100 rows near walls.
[INFO DPL-1104] NegotiationLegalizer DRC penalty: 5.
[INFO DPL-0392] Negotiation cell height distribution (1 unique row-count(s)):
[INFO DPL-0393]   height 1 row(s): 362 cells
[INFO DPL-0500] Runtime: 0.00s
Detailed Placement Analysis
---------------------------------
legalizer            negotiation
total moves                   0
total displacement          0.0 u
average displacement        0.0 u
max displacement            0.0 u
original HPWL            1344.2 u
legalized HPWL           1344.2 u
delta HPWL                    0 %

estimate_parasitics -placement
Report metrics stage 4, cts final...

==========================================================================
cts final report_design_area
--------------------------------------------------------------------------
Design area 541 um^2 43% utilization.
write_db /design/work/results/nangate45/UART16/base/4_1_cts.odb
write_sdc -no_timestamp /design/work/results/nangate45/UART16/base/4_cts.sdc
Elapsed time: 0:00.92[h:]min:sec. CPU time: user 0.77 sys 0.10 (94%). Peak memory: 140584KB.
Log                       Ext     Elapsed/s Peak Memory/MB sha1sum result [0:20)
4_1_cts                   .odb            0            137 fa899f2e861da8398087
cp /design/work/results/nangate45/UART16/base/4_1_cts.odb /design/work/results/nangate45/UART16/base/4_cts.odb
/OpenROAD-flow-scripts/flow/scripts/flow.sh 5_1_grt global_route
Running global_route.tcl, stage 5_1_grt
read_liberty /OpenROAD-flow-scripts/flow/platforms/nangate45/lib/NangateOpenCellLibrary_typical.lib
read_db /design/work/results/nangate45/UART16/base/4_cts.odb
read_sdc /design/work/results/nangate45/UART16/base/4_cts.sdc
source /OpenROAD-flow-scripts/flow/platforms/nangate45/setRC.tcl
pin_access
[INFO DRT-0149] Reading tech and libs.

Units:                2000
Number of layers:     21
Number of macros:     135
Number of vias:       33
Number of viarulegen: 19

[INFO DRT-0150] Reading design.

Design:                   UART16
Die area:                 ( 0 0 ) ( 76090 76090 )
Number of track patterns: 20
Number of DEF vias:       0
Number of components:     362
Number of terminals:      43
Number of snets:          2
Number of nets:           405

[INFO DRT-0167] List of default vias:
  Layer via2
    default via: via2_5
  Layer via3
    default via: via3_2
  Layer via4
    default via: via4_0
  Layer via5
    default via: via5_0
  Layer via6
    default via: via6_0
  Layer via7
    default via: via7_0
  Layer via8
    default via: via8_0
  Layer via9
    default via: via9_0
[INFO DRT-0162] Library cell analysis.
[INFO DRT-0163] Instance analysis.
[INFO DRT-0164] Number of unique instances = 46.
[INFO DRT-0168] Init region query.
[INFO DRT-0024]   Complete active.
[INFO DRT-0024]   Complete Fr_VIA.
[INFO DRT-0024]   Complete metal1.
[INFO DRT-0024]   Complete via1.
[INFO DRT-0024]   Complete metal2.
[INFO DRT-0024]   Complete via2.
[INFO DRT-0024]   Complete metal3.
[INFO DRT-0024]   Complete via3.
[INFO DRT-0024]   Complete metal4.
[INFO DRT-0024]   Complete via4.
[INFO DRT-0024]   Complete metal5.
[INFO DRT-0024]   Complete via5.
[INFO DRT-0024]   Complete metal6.
[INFO DRT-0024]   Complete via6.
[INFO DRT-0024]   Complete metal7.
[INFO DRT-0024]   Complete via7.
[INFO DRT-0024]   Complete metal8.
[INFO DRT-0024]   Complete via8.
[INFO DRT-0024]   Complete metal9.
[INFO DRT-0024]   Complete via9.
[INFO DRT-0024]   Complete metal10.
[INFO DRT-0033] active shape region query size = 0.
[INFO DRT-0033] FR_VIA shape region query size = 0.
[INFO DRT-0033] metal1 shape region query size = 5868.
[INFO DRT-0033] via1 shape region query size = 78.
[INFO DRT-0033] metal2 shape region query size = 52.
[INFO DRT-0033] via2 shape region query size = 78.
[INFO DRT-0033] metal3 shape region query size = 52.
[INFO DRT-0033] via3 shape region query size = 78.
[INFO DRT-0033] metal4 shape region query size = 31.
[INFO DRT-0033] via4 shape region query size = 30.
[INFO DRT-0033] metal5 shape region query size = 21.
[INFO DRT-0033] via5 shape region query size = 30.
[INFO DRT-0033] metal6 shape region query size = 32.
[INFO DRT-0033] via6 shape region query size = 12.
[INFO DRT-0033] metal7 shape region query size = 9.
[INFO DRT-0033] via7 shape region query size = 0.
[INFO DRT-0033] metal8 shape region query size = 0.
[INFO DRT-0033] via8 shape region query size = 0.
[INFO DRT-0033] metal9 shape region query size = 0.
[INFO DRT-0033] via9 shape region query size = 0.
[INFO DRT-0033] metal10 shape region query size = 0.
[INFO DRT-0165] Start pin access.
[INFO DRT-0078]   Complete 227 pins.
[INFO DRT-0081]   Complete 46 unique inst patterns.
[INFO DRT-0084]   Complete 189 groups.
#scanned instances     = 362
#unique  instances     = 46
#stdCellGenAp          = 1116
#stdCellValidPlanarAp  = 0
#stdCellValidViaAp     = 828
#stdCellPinNoAp        = 0
#stdCellPinCnt         = 986
#instTermValidViaApCnt = 0
#macroGenAp            = 0
#macroValidPlanarAp    = 0
#macroValidViaAp       = 0
#macroNoAp             = 0
[INFO DRT-0166] Complete pin access.
[INFO DRT-0267] cpu time = 00:00:06, elapsed time = 00:00:01, memory = 96.93 (MB), peak = 96.62 (MB)
global_route -congestion_report_file /design/work/reports/nangate45/UART16/base/congestion.rpt -congestion_iterations 30 -congestion_report_iter_step 5 -verbose
[INFO GRT-0020] Min routing layer: metal2
[INFO GRT-0021] Max routing layer: metal10
[INFO GRT-0022] Global adjustment: 0%
[INFO GRT-0023] Grid origin: (0, 0)
[INFO GRT-0088] Layer metal1  Track-Pitch = 0.1400  line-2-Via Pitch: 0.1350
[INFO GRT-0088] Layer metal2  Track-Pitch = 0.1900  line-2-Via Pitch: 0.1400
[INFO GRT-0088] Layer metal3  Track-Pitch = 0.1400  line-2-Via Pitch: 0.1400
[INFO GRT-0088] Layer metal4  Track-Pitch = 0.2800  line-2-Via Pitch: 0.2800
[INFO GRT-0088] Layer metal5  Track-Pitch = 0.2800  line-2-Via Pitch: 0.2800
[INFO GRT-0088] Layer metal6  Track-Pitch = 0.2800  line-2-Via Pitch: 0.2800
[INFO GRT-0088] Layer metal7  Track-Pitch = 0.8000  line-2-Via Pitch: 0.8000
[INFO GRT-0088] Layer metal8  Track-Pitch = 0.8000  line-2-Via Pitch: 0.8000
[INFO GRT-0088] Layer metal9  Track-Pitch = 1.6000  line-2-Via Pitch: 1.6000
[INFO GRT-0088] Layer metal10 Track-Pitch = 1.6000  line-2-Via Pitch: 1.6000
[INFO GRT-0003] Macros: 0
[INFO GRT-0004] Blockages: 0
[INFO GRT-0019] Found 4 clock nets.
[INFO GRT-0001] Minimum degree: 2
[INFO GRT-0002] Maximum degree: 29

[INFO GRT-0053] Routing resources analysis:
          Routing      Original      Derated      Resource
Layer     Direction    Resources     Resources    Reduction (%)
---------------------------------------------------------------
metal1     Horizontal          0             0          0.00%
metal2     Vertical         2316          1104          52.33%
metal3     Horizontal       3237          1589          50.91%
metal4     Vertical         1572          1104          29.77%
metal5     Horizontal       1616          1139          29.52%
metal6     Vertical         1624          1145          29.50%
metal7     Horizontal        480           336          30.00%
metal8     Vertical          564           396          29.79%
metal9     Horizontal        276           156          43.48%
metal10    Vertical          276           156          43.48%
---------------------------------------------------------------

[INFO GRT-0197] Via related to pin nodes: 1393
[INFO GRT-0198] Via related Steiner nodes: 5
[INFO GRT-0199] Via filling finished.
[INFO GRT-0111] Final number of vias: 1645
[INFO GRT-0112] Final usage 3D: 5540

[INFO GRT-0096] Final congestion report:
Layer         Resource        Demand        Usage (%)    Max H / Max V / Total Congestion
---------------------------------------------------------------------------------------
metal1               0             0            0.00%             0 /  0 /  0
metal2            1104           282           25.54%             0 /  0 /  0
metal3            1589           272           17.12%             0 /  0 /  0
metal4            1104            37            3.35%             0 /  0 /  0
metal5            1139            14            1.23%             0 /  0 /  0
metal6            1145             0            0.00%             0 /  0 /  0
metal7             336             0            0.00%             0 /  0 /  0
metal8             396             0            0.00%             0 /  0 /  0
metal9             156             0            0.00%             0 /  0 /  0
metal10            156             0            0.00%             0 /  0 /  0
---------------------------------------------------------------------------------------
Total             7125           605            8.49%             0 /  0 /  0

[INFO GRT-0018] Total wirelength: 3086 um
[INFO GRT-0014] Routed nets: 346
[INFO GRT-0303] Global routing runtime = 00:00:00
estimate_parasitics -global_routing
Perform buffer insertion and gate resizing...
repair_design -verbose
Iteration |   Area    | Resized | Buffers | Nets repaired | Remaining
---------------------------------------------------------------------
        0 |     +0.0% |       0 |       0 |             0 |       406
       10 |     +0.0% |       0 |       0 |             0 |       396
       20 |     +0.0% |       0 |       0 |             0 |       386
       30 |     +0.0% |       0 |       0 |             0 |       376
       40 |     +0.0% |       0 |       0 |             0 |       366
       50 |     +0.0% |       0 |       0 |             0 |       356
       60 |     +0.0% |       0 |       0 |             0 |       346
       70 |     +0.0% |       0 |       0 |             0 |       336
       80 |     +0.0% |       0 |       0 |             0 |       326
       90 |     +0.0% |       0 |       0 |             0 |       316
      100 |     +0.0% |       0 |       0 |             0 |       306
      110 |     +0.0% |       0 |       0 |             0 |       296
      120 |     +0.0% |       0 |       0 |             0 |       286
      130 |     +0.0% |       0 |       0 |             0 |       276
[WARNING RSZ-0104] Net _279_ only has one pin. Check if it is intended to be dangling.
[WARNING RSZ-0104] Net _278_ only has one pin. Check if it is intended to be dangling.
      140 |     +0.0% |       0 |       0 |             0 |       266
      150 |     +0.0% |       0 |       0 |             0 |       256
      160 |     +0.0% |       0 |       0 |             0 |       246
      170 |     +0.0% |       0 |       0 |             0 |       236
[WARNING RSZ-0104] Net _239_ only has one pin. Check if it is intended to be dangling.
[WARNING RSZ-0104] Net _238_ only has one pin. Check if it is intended to be dangling.
[WARNING RSZ-0104] Net _267_ only has one pin. Check if it is intended to be dangling.
      180 |     +0.0% |       0 |       0 |             0 |       226
[WARNING RSZ-0104] Net _268_ only has one pin. Check if it is intended to be dangling.
[WARNING RSZ-0104] Net _269_ only has one pin. Check if it is intended to be dangling.
[WARNING RSZ-0104] Net _270_ only has one pin. Check if it is intended to be dangling.
[WARNING RSZ-0104] Net _271_ only has one pin. Check if it is intended to be dangling.
[WARNING RSZ-0104] Net _263_ only has one pin. Check if it is intended to be dangling.
      190 |     +0.0% |       0 |       0 |             0 |       216
[WARNING RSZ-0104] Net _272_ only has one pin. Check if it is intended to be dangling.
[WARNING RSZ-0104] Net _264_ only has one pin. Check if it is intended to be dangling.
      200 |     +0.0% |       0 |       0 |             0 |       206
[WARNING RSZ-0104] Net _284_ only has one pin. Check if it is intended to be dangling.
[WARNING RSZ-0104] Net _283_ only has one pin. Check if it is intended to be dangling.
[WARNING RSZ-0104] Net _281_ only has one pin. Check if it is intended to be dangling.
      210 |     +0.0% |       0 |       0 |             0 |       196
[WARNING RSZ-0104] Net _280_ only has one pin. Check if it is intended to be dangling.
      220 |     +0.0% |       0 |       0 |             0 |       186
      230 |     +0.0% |       0 |       0 |             0 |       176
      240 |     +0.0% |       0 |       0 |             0 |       166
      250 |     +0.0% |       0 |       0 |             0 |       156
      260 |     +0.0% |       0 |       0 |             0 |       146
[WARNING RSZ-0104] Net _235_ only has one pin. Check if it is intended to be dangling.
[WARNING RSZ-0104] Net _253_ only has one pin. Check if it is intended to be dangling.
[WARNING RSZ-0104] Net _252_ only has one pin. Check if it is intended to be dangling.
[WARNING RSZ-0104] Net _251_ only has one pin. Check if it is intended to be dangling.
[WARNING RSZ-0104] Net _250_ only has one pin. Check if it is intended to be dangling.
      270 |     +0.0% |       0 |       0 |             0 |       136
[WARNING RSZ-0104] Net _249_ only has one pin. Check if it is intended to be dangling.
[WARNING RSZ-0104] Net _248_ only has one pin. Check if it is intended to be dangling.
[WARNING RSZ-0104] Net _247_ only has one pin. Check if it is intended to be dangling.
[WARNING RSZ-0104] Net _273_ only has one pin. Check if it is intended to be dangling.
      280 |     +0.0% |       0 |       0 |             0 |       126
[WARNING RSZ-0104] Net _236_ only has one pin. Check if it is intended to be dangling.
[WARNING RSZ-0104] Net _254_ only has one pin. Check if it is intended to be dangling.
      290 |     +0.0% |       0 |       0 |             0 |       116
[WARNING RSZ-0104] Net _255_ only has one pin. Check if it is intended to be dangling.
[WARNING RSZ-0104] Net _234_ only has one pin. Check if it is intended to be dangling.
[WARNING RSZ-0104] Net _246_ only has one pin. Check if it is intended to be dangling.
      300 |     +0.0% |       0 |       0 |             0 |       106
[WARNING RSZ-0104] Net _245_ only has one pin. Check if it is intended to be dangling.
[WARNING RSZ-0104] Net _244_ only has one pin. Check if it is intended to be dangling.
[WARNING RSZ-0104] Net _243_ only has one pin. Check if it is intended to be dangling.
[WARNING RSZ-0104] Net _242_ only has one pin. Check if it is intended to be dangling.
[WARNING RSZ-0104] Net _241_ only has one pin. Check if it is intended to be dangling.
      310 |     +0.0% |       0 |       0 |             0 |        96
[WARNING RSZ-0104] Net _240_ only has one pin. Check if it is intended to be dangling.
      320 |     +0.0% |       0 |       0 |             0 |        86
[WARNING RSZ-0104] Net _276_ only has one pin. Check if it is intended to be dangling.
[WARNING RSZ-0104] Net _275_ only has one pin. Check if it is intended to be dangling.
[WARNING RSZ-0104] Net _237_ only has one pin. Check if it is intended to be dangling.
[WARNING RSZ-0104] Net _262_ only has one pin. Check if it is intended to be dangling.
      330 |     +0.0% |       0 |       0 |             0 |        76
[WARNING RSZ-0104] Net _261_ only has one pin. Check if it is intended to be dangling.
[WARNING RSZ-0104] Net _260_ only has one pin. Check if it is intended to be dangling.
[WARNING RSZ-0104] Net _259_ only has one pin. Check if it is intended to be dangling.
[WARNING RSZ-0104] Net _258_ only has one pin. Check if it is intended to be dangling.
[WARNING RSZ-0104] Net _257_ only has one pin. Check if it is intended to be dangling.
      340 |     +0.0% |       0 |       0 |             0 |        66
[WARNING RSZ-0104] Net _256_ only has one pin. Check if it is intended to be dangling.
[WARNING RSZ-0104] Net _274_ only has one pin. Check if it is intended to be dangling.
[WARNING RSZ-0104] Net _265_ only has one pin. Check if it is intended to be dangling.
[WARNING RSZ-0104] Net _266_ only has one pin. Check if it is intended to be dangling.
      350 |     +0.0% |       0 |       0 |             0 |        56
      360 |     +0.0% |       0 |       0 |             0 |        46
      370 |     +0.0% |       0 |       0 |             0 |        36
      380 |     +0.0% |       0 |       0 |             0 |        26
[WARNING RSZ-0104] Net dbusin[9] only has one pin. Check if it is intended to be dangling.
[WARNING RSZ-0104] Net dbusin[8] only has one pin. Check if it is intended to be dangling.
      390 |     +0.0% |       0 |       0 |             0 |        16
[WARNING RSZ-0104] Net dbusin[15] only has one pin. Check if it is intended to be dangling.
[WARNING RSZ-0104] Net dbusin[14] only has one pin. Check if it is intended to be dangling.
[WARNING RSZ-0104] Net dbusin[13] only has one pin. Check if it is intended to be dangling.
[WARNING RSZ-0104] Net dbusin[12] only has one pin. Check if it is intended to be dangling.
[WARNING RSZ-0104] Net dbusin[11] only has one pin. Check if it is intended to be dangling.
      400 |     +0.0% |       0 |       0 |             0 |         6
[WARNING RSZ-0104] Net dbusin[10] only has one pin. Check if it is intended to be dangling.
[WARNING RSZ-0104] Net addr[2] only has one pin. Check if it is intended to be dangling.
[WARNING RSZ-0104] Net addr[1] only has one pin. Check if it is intended to be dangling.
    final |     +0.0% |       0 |       0 |             0 |         0
---------------------------------------------------------------------
[INFO RSZ-0504] Runtime: 0.04s
global_route -start_incremental
detailed_placement
[INFO DPL-0006] Core area: 1250.20 um^2
[INFO DPL-0007] Movable instances area: 528.01 um^2
[INFO DPL-0008] Fixed instances area within core: 13.30 um^2
[INFO DPL-0009] Utilization: 43.3%
[INFO DPL-0005] Diamond search max displacement: +/- 500 sites horizontally, +/- 100 rows vertically.
[INFO DPL-1102] Legalizing using negotiation legalizer.
[INFO DPL-1103] Negotiation base search window: +/-20 sites horizontally, +/-5 rows vertically 
	Automatic search window extension enabled.
	Search window extendable up to the max displacement cap of +/-500 sites, +/-100 rows near walls.
[INFO DPL-1104] NegotiationLegalizer DRC penalty: 5.
[INFO DPL-0392] Negotiation cell height distribution (1 unique row-count(s)):
[INFO DPL-0393]   height 1 row(s): 362 cells
[INFO DPL-0500] Runtime: 0.00s
Detailed Placement Analysis
---------------------------------
legalizer            negotiation
total moves                   0
total displacement          0.0 u
average displacement        0.0 u
max displacement            0.0 u
original HPWL            1344.2 u
legalized HPWL           1344.2 u
delta HPWL                    0 %

global_route -end_incremental -congestion_report_file /design/work/reports/nangate45/UART16/base/congestion_post_repair_design.rpt
Repair setup and hold violations...
estimate_parasitics -global_routing
repair_timing -setup_margin 0 -hold_margin 0 -repair_tns 100 -verbose
[INFO RSZ-0100] Repair move sequence: UnbufferMove SizeUpMove SwapPinsMove BufferMove CloneMove SplitLoadMove 
[INFO RSZ-0098] No setup violations found
[INFO RSZ-0505] Runtime: 0.02s
[INFO RSZ-0033] No hold violations found.
[INFO RSZ-0506] Runtime: 0.00s
global_route -start_incremental
detailed_placement
[INFO DPL-0006] Core area: 1250.20 um^2
[INFO DPL-0007] Movable instances area: 528.01 um^2
[INFO DPL-0008] Fixed instances area within core: 13.30 um^2
[INFO DPL-0009] Utilization: 43.3%
[INFO DPL-0005] Diamond search max displacement: +/- 500 sites horizontally, +/- 100 rows vertically.
[INFO DPL-1102] Legalizing using negotiation legalizer.
[INFO DPL-1103] Negotiation base search window: +/-20 sites horizontally, +/-5 rows vertically 
	Automatic search window extension enabled.
	Search window extendable up to the max displacement cap of +/-500 sites, +/-100 rows near walls.
[INFO DPL-1104] NegotiationLegalizer DRC penalty: 5.
[INFO DPL-0392] Negotiation cell height distribution (1 unique row-count(s)):
[INFO DPL-0393]   height 1 row(s): 362 cells
[INFO DPL-0500] Runtime: 0.00s
Detailed Placement Analysis
---------------------------------
legalizer            negotiation
total moves                   0
total displacement          0.0 u
average displacement        0.0 u
max displacement            0.0 u
original HPWL            1344.2 u
legalized HPWL           1344.2 u
delta HPWL                    0 %

check_placement -verbose
global_route -end_incremental -congestion_report_file /design/work/reports/nangate45/UART16/base/congestion_post_repair_timing.rpt
estimate_parasitics -global_routing
global_route -start_incremental
global_route -end_incremental -congestion_report_file /design/work/reports/nangate45/UART16/base/congestion_post_recover_power.rpt
Repair antennas...
[WARNING GRT-0246] No diode with LEF class CORE ANTENNACELL found.
[INFO ANT-0002] Found 0 net violations.
[INFO ANT-0001] Found 0 pin violations.
Estimate parasitics...
estimate_parasitics -global_routing
Report metrics stage 5, global route...

==========================================================================
global route report_design_area
--------------------------------------------------------------------------
Design area 541 um^2 43% utilization.
[INFO FLW-0007] clock core_clock period 0.460000
[INFO FLW-0008] Clock core_clock period 0.318
[INFO FLW-0009] Clock core_clock slack 0.125
write_sdc -no_timestamp /design/work/results/nangate45/UART16/base/updated_clks.sdc
[INFO FLW-0011] Path endpoint path count 118
write_db /design/work/results/nangate45/UART16/base/5_1_grt.odb
write_sdc -no_timestamp /design/work/results/nangate45/UART16/base/5_1_grt.sdc
Elapsed time: 0:02.71[h:]min:sec. CPU time: user 7.75 sys 0.19 (292%). Peak memory: 281980KB.
Log                       Ext     Elapsed/s Peak Memory/MB sha1sum result [0:20)
5_1_grt                   .odb            2            275 76256c454d6facebb09a
5_1_grt                   .sdc                             912a01b3626fab676d57
/OpenROAD-flow-scripts/flow/scripts/flow.sh 5_2_route detail_route
Running detail_route.tcl, stage 5_2_route
read_liberty /OpenROAD-flow-scripts/flow/platforms/nangate45/lib/NangateOpenCellLibrary_typical.lib
read_db /design/work/results/nangate45/UART16/base/5_1_grt.odb
read_sdc /design/work/results/nangate45/UART16/base/5_1_grt.sdc
source /OpenROAD-flow-scripts/flow/platforms/nangate45/setRC.tcl
detailed_route -output_drc /design/work/reports/nangate45/UART16/base/5_route_drc.rpt -output_maze /design/work/results/nangate45/UART16/base/maze.log -droute_end_iter 64 -verbose 1 -drc_report_iter_step 5
[INFO DRT-0149] Reading tech and libs.

Units:                2000
Number of layers:     21
Number of macros:     135
Number of vias:       33
Number of viarulegen: 19

[INFO DRT-0150] Reading design.

Design:                   UART16
Die area:                 ( 0 0 ) ( 76090 76090 )
Number of track patterns: 20
Number of DEF vias:       0
Number of components:     362
Number of terminals:      43
Number of snets:          2
Number of nets:           405

[INFO DRT-0167] List of default vias:
  Layer via2
    default via: via2_5
  Layer via3
    default via: via3_2
  Layer via4
    default via: via4_0
  Layer via5
    default via: via5_0
  Layer via6
    default via: via6_0
  Layer via7
    default via: via7_0
  Layer via8
    default via: via8_0
  Layer via9
    default via: via9_0
[INFO DRT-0162] Library cell analysis.
[INFO DRT-0163] Instance analysis.
[INFO DRT-0164] Number of unique instances = 46.
[INFO DRT-0168] Init region query.
[INFO DRT-0024]   Complete active.
[INFO DRT-0024]   Complete Fr_VIA.
[INFO DRT-0024]   Complete metal1.
[INFO DRT-0024]   Complete via1.
[INFO DRT-0024]   Complete metal2.
[INFO DRT-0024]   Complete via2.
[INFO DRT-0024]   Complete metal3.
[INFO DRT-0024]   Complete via3.
[INFO DRT-0024]   Complete metal4.
[INFO DRT-0024]   Complete via4.
[INFO DRT-0024]   Complete metal5.
[INFO DRT-0024]   Complete via5.
[INFO DRT-0024]   Complete metal6.
[INFO DRT-0024]   Complete via6.
[INFO DRT-0024]   Complete metal7.
[INFO DRT-0024]   Complete via7.
[INFO DRT-0024]   Complete metal8.
[INFO DRT-0024]   Complete via8.
[INFO DRT-0024]   Complete metal9.
[INFO DRT-0024]   Complete via9.
[INFO DRT-0024]   Complete metal10.
[INFO DRT-0033] active shape region query size = 0.
[INFO DRT-0033] FR_VIA shape region query size = 0.
[INFO DRT-0033] metal1 shape region query size = 5868.
[INFO DRT-0033] via1 shape region query size = 78.
[INFO DRT-0033] metal2 shape region query size = 52.
[INFO DRT-0033] via2 shape region query size = 78.
[INFO DRT-0033] metal3 shape region query size = 52.
[INFO DRT-0033] via3 shape region query size = 78.
[INFO DRT-0033] metal4 shape region query size = 31.
[INFO DRT-0033] via4 shape region query size = 30.
[INFO DRT-0033] metal5 shape region query size = 21.
[INFO DRT-0033] via5 shape region query size = 30.
[INFO DRT-0033] metal6 shape region query size = 32.
[INFO DRT-0033] via6 shape region query size = 12.
[INFO DRT-0033] metal7 shape region query size = 9.
[INFO DRT-0033] via7 shape region query size = 0.
[INFO DRT-0033] metal8 shape region query size = 0.
[INFO DRT-0033] via8 shape region query size = 0.
[INFO DRT-0033] metal9 shape region query size = 0.
[INFO DRT-0033] via9 shape region query size = 0.
[INFO DRT-0033] metal10 shape region query size = 0.
[INFO DRT-0165] Start pin access.
[INFO DRT-0078]   Complete 227 pins.
[INFO DRT-0081]   Complete 46 unique inst patterns.
[INFO DRT-0084]   Complete 189 groups.
#scanned instances     = 362
#unique  instances     = 46
#stdCellGenAp          = 1116
#stdCellValidPlanarAp  = 0
#stdCellValidViaAp     = 828
#stdCellPinNoAp        = 0
#stdCellPinCnt         = 986
#instTermValidViaApCnt = 0
#macroGenAp            = 0
#macroValidPlanarAp    = 0
#macroValidViaAp       = 0
#macroNoAp             = 0
[INFO DRT-0166] Complete pin access.
[INFO DRT-0267] cpu time = 00:00:06, elapsed time = 00:00:01, memory = 237.48 (MB), peak = 237.12 (MB)

[INFO DRT-0157] Number of guides:     2051

[INFO DRT-0169] Post process guides.
[INFO DRT-0176] GCELLGRID X 0 DO 13 STEP 5700 ;
[INFO DRT-0177] GCELLGRID Y 0 DO 13 STEP 5700 ;
[INFO DRT-0028]   Complete active.
[INFO DRT-0028]   Complete Fr_VIA.
[INFO DRT-0028]   Complete metal1.
[INFO DRT-0028]   Complete via1.
[INFO DRT-0028]   Complete metal2.
[INFO DRT-0028]   Complete via2.
[INFO DRT-0028]   Complete metal3.
[INFO DRT-0028]   Complete via3.
[INFO DRT-0028]   Complete metal4.
[INFO DRT-0028]   Complete via4.
[INFO DRT-0028]   Complete metal5.
[INFO DRT-0028]   Complete via5.
[INFO DRT-0028]   Complete metal6.
[INFO DRT-0028]   Complete via6.
[INFO DRT-0028]   Complete metal7.
[INFO DRT-0028]   Complete via7.
[INFO DRT-0028]   Complete metal8.
[INFO DRT-0028]   Complete via8.
[INFO DRT-0028]   Complete metal9.
[INFO DRT-0028]   Complete via9.
[INFO DRT-0028]   Complete metal10.
[INFO DRT-0178] Init guide query.
[INFO DRT-0035]   Complete active (guide).
[INFO DRT-0035]   Complete Fr_VIA (guide).
[INFO DRT-0035]   Complete metal1 (guide).
[INFO DRT-0035]   Complete via1 (guide).
[INFO DRT-0035]   Complete metal2 (guide).
[INFO DRT-0035]   Complete via2 (guide).
[INFO DRT-0035]   Complete metal3 (guide).
[INFO DRT-0035]   Complete via3 (guide).
[INFO DRT-0035]   Complete metal4 (guide).
[INFO DRT-0035]   Complete via4 (guide).
[INFO DRT-0035]   Complete metal5 (guide).
[INFO DRT-0035]   Complete via5 (guide).
[INFO DRT-0035]   Complete metal6 (guide).
[INFO DRT-0035]   Complete via6 (guide).
[INFO DRT-0035]   Complete metal7 (guide).
[INFO DRT-0035]   Complete via7 (guide).
[INFO DRT-0035]   Complete metal8 (guide).
[INFO DRT-0035]   Complete via8 (guide).
[INFO DRT-0035]   Complete metal9 (guide).
[INFO DRT-0035]   Complete via9 (guide).
[INFO DRT-0035]   Complete metal10 (guide).
[INFO DRT-0036] active guide region query size = 0.
[INFO DRT-0036] FR_VIA guide region query size = 0.
[INFO DRT-0036] metal1 guide region query size = 714.
[INFO DRT-0036] via1 guide region query size = 0.
[INFO DRT-0036] metal2 guide region query size = 538.
[INFO DRT-0036] via2 guide region query size = 0.
[INFO DRT-0036] metal3 guide region query size = 261.
[INFO DRT-0036] via3 guide region query size = 0.
[INFO DRT-0036] metal4 guide region query size = 37.
[INFO DRT-0036] via4 guide region query size = 0.
[INFO DRT-0036] metal5 guide region query size = 32.
[INFO DRT-0036] via5 guide region query size = 0.
[INFO DRT-0036] metal6 guide region query size = 16.
[INFO DRT-0036] via6 guide region query size = 0.
[INFO DRT-0036] metal7 guide region query size = 0.
[INFO DRT-0036] via7 guide region query size = 0.
[INFO DRT-0036] metal8 guide region query size = 0.
[INFO DRT-0036] via8 guide region query size = 0.
[INFO DRT-0036] metal9 guide region query size = 0.
[INFO DRT-0036] via9 guide region query size = 0.
[INFO DRT-0036] metal10 guide region query size = 0.
[INFO DRT-0179] Init gr pin query.
[INFO DRT-0267] cpu time = 00:00:00, elapsed time = 00:00:00, memory = 238.47 (MB), peak = 238.00 (MB)
[INFO DRT-0245] skipped writing guide updates to database.
[INFO DRT-0181] Start track assignment.
[INFO DRT-0184] Done with 591 vertical wires in 1 frboxes and 1007 horizontal wires in 1 frboxes.
[INFO DRT-0186] Done with 94 vertical wires in 1 frboxes and 119 horizontal wires in 1 frboxes.
[INFO DRT-0182] Complete track assignment.
[INFO DRT-0267] cpu time = 00:00:00, elapsed time = 00:00:00, memory = 242.10 (MB), peak = 241.75 (MB)
[INFO DRT-0187] Start routing data preparation.
[INFO DRT-0267] cpu time = 00:00:00, elapsed time = 00:00:00, memory = 242.10 (MB), peak = 241.75 (MB)
[INFO DRT-0194] Start detail routing.
[INFO DRT-0195] Start 0th optimization iteration.
    Completing 20% with 0 violations.
    elapsed time = 00:00:00, memory = 255.27 (MB).
    Completing 50% with 0 violations.
    elapsed time = 00:00:00, memory = 268.53 (MB).
    Completing 70% with 0 violations.
    elapsed time = 00:00:01, memory = 269.55 (MB).
    Completing 100% with 2 violations.
    elapsed time = 00:00:01, memory = 269.57 (MB).
[INFO DRT-0199]   Number of violations = 13.
Viol/Layer      metal2 metal3
Metal Spacing        1      0
Recheck              6      5
Short                1      0
[INFO DRT-0267] cpu time = 00:00:01, elapsed time = 00:00:01, memory = 275.70 (MB), peak = 673.38 (MB)
Total wire length = 1584 um.
Total wire length on LAYER metal1 = 0 um.
Total wire length on LAYER metal2 = 803 um.
Total wire length on LAYER metal3 = 707 um.
Total wire length on LAYER metal4 = 41 um.
Total wire length on LAYER metal5 = 17 um.
Total wire length on LAYER metal6 = 13 um.
Total wire length on LAYER metal7 = 0 um.
Total wire length on LAYER metal8 = 0 um.
Total wire length on LAYER metal9 = 0 um.
Total wire length on LAYER metal10 = 0 um.
Total number of vias = 1679.
Up-via summary (total 1679):

---------------
 active       0
 metal1     946
 metal2     651
 metal3      35
 metal4      31
 metal5      16
 metal6       0
 metal7       0
 metal8       0
 metal9       0
---------------
       1679


[INFO DRT-0195] Start 1st optimization iteration.
    Completing 10% with 13 violations.
    elapsed time = 00:00:00, memory = 275.70 (MB).
    Completing 20% with 13 violations.
    elapsed time = 00:00:00, memory = 276.78 (MB).
    Completing 30% with 13 violations.
    elapsed time = 00:00:00, memory = 276.78 (MB).
    Completing 40% with 13 violations.
    elapsed time = 00:00:00, memory = 276.79 (MB).
    Completing 50% with 13 violations.
    elapsed time = 00:00:00, memory = 279.45 (MB).
    Completing 60% with 13 violations.
    elapsed time = 00:00:00, memory = 279.70 (MB).
    Completing 70% with 7 violations.
    elapsed time = 00:00:00, memory = 279.71 (MB).
    Completing 80% with 7 violations.
    elapsed time = 00:00:00, memory = 279.71 (MB).
    Completing 100% with 1 violations.
    elapsed time = 00:00:01, memory = 280.82 (MB).
[INFO DRT-0199]   Number of violations = 1.
Viol/Layer      metal2
Short                1
[INFO DRT-0267] cpu time = 00:00:02, elapsed time = 00:00:01, memory = 402.09 (MB), peak = 676.71 (MB)
Total wire length = 1567 um.
Total wire length on LAYER metal1 = 0 um.
Total wire length on LAYER metal2 = 791 um.
Total wire length on LAYER metal3 = 701 um.
Total wire length on LAYER metal4 = 43 um.
Total wire length on LAYER metal5 = 17 um.
Total wire length on LAYER metal6 = 13 um.
Total wire length on LAYER metal7 = 0 um.
Total wire length on LAYER metal8 = 0 um.
Total wire length on LAYER metal9 = 0 um.
Total wire length on LAYER metal10 = 0 um.
Total number of vias = 1672.
Up-via summary (total 1672):

---------------
 active       0
 metal1     944
 metal2     647
 metal3      34
 metal4      31
 metal5      16
 metal6       0
 metal7       0
 metal8       0
 metal9       0
---------------
       1672


[INFO DRT-0195] Start 2nd optimization iteration.
    Completing 10% with 1 violations.
    elapsed time = 00:00:00, memory = 402.09 (MB).
    Completing 20% with 1 violations.
    elapsed time = 00:00:00, memory = 402.16 (MB).
    Completing 30% with 1 violations.
    elapsed time = 00:00:00, memory = 402.16 (MB).
    Completing 40% with 1 violations.
    elapsed time = 00:00:00, memory = 402.16 (MB).
    Completing 50% with 1 violations.
    elapsed time = 00:00:00, memory = 402.16 (MB).
    Completing 60% with 1 violations.
    elapsed time = 00:00:00, memory = 402.16 (MB).
    Completing 70% with 1 violations.
    elapsed time = 00:00:00, memory = 402.16 (MB).
    Completing 80% with 1 violations.
    elapsed time = 00:00:00, memory = 402.16 (MB).
    Completing 100% with 1 violations.
    elapsed time = 00:00:00, memory = 402.16 (MB).
[INFO DRT-0199]   Number of violations = 1.
Viol/Layer      metal2
Short                1
[INFO DRT-0267] cpu time = 00:00:00, elapsed time = 00:00:00, memory = 677.18 (MB), peak = 676.71 (MB)
Total wire length = 1569 um.
Total wire length on LAYER metal1 = 0 um.
Total wire length on LAYER metal2 = 781 um.
Total wire length on LAYER metal3 = 711 um.
Total wire length on LAYER metal4 = 43 um.
Total wire length on LAYER metal5 = 18 um.
Total wire length on LAYER metal6 = 13 um.
Total wire length on LAYER metal7 = 0 um.
Total wire length on LAYER metal8 = 0 um.
Total wire length on LAYER metal9 = 0 um.
Total wire length on LAYER metal10 = 0 um.
Total number of vias = 1674.
Up-via summary (total 1674):

---------------
 active       0
 metal1     943
 metal2     648
 metal3      36
 metal4      31
 metal5      16
 metal6       0
 metal7       0
 metal8       0
 metal9       0
---------------
       1674


[INFO DRT-0195] Start 3rd guides tiles iteration.
    Completing 50% with 1 violations.
    elapsed time = 00:00:00, memory = 677.18 (MB).
    Completing 100% with 0 violations.
    elapsed time = 00:00:00, memory = 677.18 (MB).
[INFO DRT-0199]   Number of violations = 0.
[INFO DRT-0267] cpu time = 00:00:00, elapsed time = 00:00:00, memory = 683.02 (MB), peak = 682.55 (MB)
Total wire length = 1570 um.
Total wire length on LAYER metal1 = 0 um.
Total wire length on LAYER metal2 = 780 um.
Total wire length on LAYER metal3 = 713 um.
Total wire length on LAYER metal4 = 43 um.
Total wire length on LAYER metal5 = 18 um.
Total wire length on LAYER metal6 = 13 um.
Total wire length on LAYER metal7 = 0 um.
Total wire length on LAYER metal8 = 0 um.
Total wire length on LAYER metal9 = 0 um.
Total wire length on LAYER metal10 = 0 um.
Total number of vias = 1676.
Up-via summary (total 1676):

---------------
 active       0
 metal1     943
 metal2     650
 metal3      36
 metal4      31
 metal5      16
 metal6       0
 metal7       0
 metal8       0
 metal9       0
---------------
       1676


[INFO DRT-0198] Complete detail routing.
Total wire length = 1570 um.
Total wire length on LAYER metal1 = 0 um.
Total wire length on LAYER metal2 = 780 um.
Total wire length on LAYER metal3 = 713 um.
Total wire length on LAYER metal4 = 43 um.
Total wire length on LAYER metal5 = 18 um.
Total wire length on LAYER metal6 = 13 um.
Total wire length on LAYER metal7 = 0 um.
Total wire length on LAYER metal8 = 0 um.
Total wire length on LAYER metal9 = 0 um.
Total wire length on LAYER metal10 = 0 um.
Total number of vias = 1676.
Up-via summary (total 1676):

---------------
 active       0
 metal1     943
 metal2     650
 metal3      36
 metal4      31
 metal5      16
 metal6       0
 metal7       0
 metal8       0
 metal9       0
---------------
       1676


[INFO DRT-0267] cpu time = 00:00:04, elapsed time = 00:00:04, memory = 683.14 (MB), peak = 682.68 (MB)

[INFO DRT-0180] Post processing.
[INFO DRT-0501] Runtime: 6.57s
Took 7 seconds: detailed_route -output_drc /design/work/reports/nangate45/UART16/base/5_route_drc.rpt -output_maze /design/work/results/nangate45/UART16/base/maze.log -droute_end_iter 64 -verbose 1 -drc_report_iter_step 5
[WARNING GRT-0246] No diode with LEF class CORE ANTENNACELL found.
[INFO ANT-0002] Found 0 net violations.
[INFO ANT-0001] Found 0 pin violations.
[INFO ANT-0002] Found 0 net violations.
[INFO ANT-0001] Found 0 pin violations.
Design area 541 um^2 43% utilization.
write_db /design/work/results/nangate45/UART16/base/5_2_route.odb
Elapsed time: 0:07.14[h:]min:sec. CPU time: user 11.65 sys 0.73 (173%). Peak memory: 700980KB.
Log                       Ext     Elapsed/s Peak Memory/MB sha1sum result [0:20)
5_2_route                 .odb            7            684 ba61b062950558268642
/OpenROAD-flow-scripts/flow/scripts/flow.sh 5_3_fillcell fillcell
Running fillcell.tcl, stage 5_3_fillcell
read_liberty /OpenROAD-flow-scripts/flow/platforms/nangate45/lib/NangateOpenCellLibrary_typical.lib
read_db /design/work/results/nangate45/UART16/base/5_2_route.odb
read_sdc /design/work/results/nangate45/UART16/base/5_1_grt.sdc
source /OpenROAD-flow-scripts/flow/platforms/nangate45/setRC.tcl
filler_placement "FILLCELL_X1 FILLCELL_X2 FILLCELL_X4 FILLCELL_X8 FILLCELL_X16 FILLCELL_X32"
[INFO DPL-0001] Placed 402 filler instances.
Design area 541 um^2 43% utilization.
write_db /design/work/results/nangate45/UART16/base/5_3_fillcell.odb
Elapsed time: 0:00.39[h:]min:sec. CPU time: user 0.32 sys 0.06 (98%). Peak memory: 97920KB.
Log                       Ext     Elapsed/s Peak Memory/MB sha1sum result [0:20)
5_3_fillcell              .odb            0             95 76cd87b01a286bbf5f33
cp /design/work/results/nangate45/UART16/base/5_3_fillcell.odb /design/work/results/nangate45/UART16/base/5_route.odb
cp /design/work/results/nangate45/UART16/base/5_1_grt.sdc /design/work/results/nangate45/UART16/base/5_route.sdc
/OpenROAD-flow-scripts/flow/scripts/flow.sh 6_1_fill density_fill
Running density_fill.tcl, stage 6_1_fill
read_liberty /OpenROAD-flow-scripts/flow/platforms/nangate45/lib/NangateOpenCellLibrary_typical.lib
read_db /design/work/results/nangate45/UART16/base/5_route.odb
read_sdc /design/work/results/nangate45/UART16/base/5_route.sdc
source /OpenROAD-flow-scripts/flow/platforms/nangate45/setRC.tcl
exec cp /design/work/results/nangate45/UART16/base/5_route.odb /design/work/results/nangate45/UART16/base/6_1_fill.odb
Elapsed time: 0:00.35[h:]min:sec. CPU time: user 0.29 sys 0.05 (98%). Peak memory: 96000KB.
Log                       Ext     Elapsed/s Peak Memory/MB sha1sum result [0:20)
6_1_fill                  .odb            0             93 76cd87b01a286bbf5f33
cp /design/work/results/nangate45/UART16/base/5_route.sdc /design/work/results/nangate45/UART16/base/6_1_fill.sdc
/OpenROAD-flow-scripts/flow/scripts/flow.sh 6_report final_report
Running final_report.tcl, stage 6_report
read_liberty /OpenROAD-flow-scripts/flow/platforms/nangate45/lib/NangateOpenCellLibrary_typical.lib
read_db /design/work/results/nangate45/UART16/base/6_1_fill.odb
read_sdc /design/work/results/nangate45/UART16/base/6_1_fill.sdc
source /OpenROAD-flow-scripts/flow/platforms/nangate45/setRC.tcl
write_db /design/work/results/nangate45/UART16/base/6_final.odb
write_sdc -no_timestamp /design/work/results/nangate45/UART16/base/6_final.sdc
Deleted 0 routing obstructions
Global output passed lec test
[INFO RCX-0431] Defined process_corner X with ext_model_index 0
[INFO RCX-0029] Defined extraction corner X
[INFO RCX-0435] Reading extraction model file /OpenROAD-flow-scripts/flow/platforms/nangate45/rcx_patterns.rules ...
[INFO RCX-0436] RC segment generation UART16 (max_merge_res 50.0) ...
[INFO RCX-0040] Final 901 rc segments
[INFO RCX-0439] Coupling Cap extraction UART16 ...
[INFO RCX-0440] Coupling threshhold is 0.1000 fF, coupling capacitance less than 0.1000 fF will be grounded.
[INFO RCX-0442] 49% of 1448 wires extracted
[INFO RCX-0442] 100% of 1448 wires extracted
[INFO RCX-0045] Extract 405 nets, 1247 rsegs, 1247 caps, 1611 ccs
[INFO RCX-0443] 405 nets finished
[INFO PSM-0040] All shapes on net VDD are connected.
########## IR report #################
Net              : VDD
Corner           : default
Total power      : 5.90e-04 W
Supply voltage   : 1.10e+00 V
Worstcase voltage: 1.10e+00 V
Average voltage  : 1.10e+00 V
Average IR drop  : 1.80e-03 V
Worstcase IR drop: 3.07e-03 V
Percentage drop  : 0.28 %
######################################
[INFO PSM-0040] All shapes on net VSS are connected.
########## IR report #################
Net              : VSS
Corner           : default
Total power      : 5.90e-04 W
Supply voltage   : 0.00e+00 V
Worstcase voltage: 4.91e-03 V
Average voltage  : 1.89e-03 V
Average IR drop  : 1.89e-03 V
Worstcase IR drop: 4.91e-03 V
Percentage drop  : 0.45 %
######################################
Cell type report:                       Count       Area
  Fill cell                               402     708.89
  Tap cell                                 50      13.30
  Clock buffer                              3       3.99
  Timing Repair Buffer                     24      19.15
  Inverter                                 40      22.08
  Clock inverter                            1       0.53
  Sequential cell                          59     266.80
  Multi-Input combinational cell          185     215.46
  Total                                   764    1250.20
Report metrics stage 6, finish...

==========================================================================
finish report_design_area
--------------------------------------------------------------------------
Design area 541 um^2 43% utilization.
[WARNING GUI-0010] File path does not end with a valid extension, new path is: /design/work/reports/nangate45/UART16/base/final_all.webp.png
[WARNING GUI-0010] File path does not end with a valid extension, new path is: /design/work/reports/nangate45/UART16/base/final_routing.webp.png
[WARNING GUI-0010] File path does not end with a valid extension, new path is: /design/work/reports/nangate45/UART16/base/final_placement.webp.png
[WARNING GUI-0010] File path does not end with a valid extension, new path is: /design/work/reports/nangate45/UART16/base/final_ir_drop.webp.png
[WARNING GUI-0010] File path does not end with a valid extension, new path is: /design/work/reports/nangate45/UART16/base/final_clocks.webp.png
[WARNING GUI-0010] File path does not end with a valid extension, new path is: /design/work/reports/nangate45/UART16/base/cts_default_core_clock.webp.png
[WARNING GUI-0010] File path does not end with a valid extension, new path is: /design/work/reports/nangate45/UART16/base/cts_default_core_clock_layout.webp.png
[WARNING GUI-0010] File path does not end with a valid extension, new path is: /design/work/reports/nangate45/UART16/base/final_resizer.webp.png
[WARNING GUI-0010] File path does not end with a valid extension, new path is: /design/work/reports/nangate45/UART16/base/final_congestion.webp.png
[WARNING GUI-0010] File path does not end with a valid extension, new path is: /design/work/reports/nangate45/UART16/base/final_worst_path.webp.png
Elapsed time: 0:01.78[h:]min:sec. CPU time: user 1.66 sys 0.19 (104%). Peak memory: 159360KB.
Log                       Ext     Elapsed/s Peak Memory/MB sha1sum result [0:20)
6_report                                  1            155                  N/A
cp /OpenROAD-flow-scripts/flow/platforms/nangate45/lef/NangateOpenCellLibrary.tech.lef /design/work/objects/nangate45/UART16/base/klayout_tech.lef
/usr/bin/python3 /OpenROAD-flow-scripts/flow/util/generate_klayout_tech.py \
	--template /OpenROAD-flow-scripts/flow/platforms/nangate45/FreePDK45.lyt \
	--output /design/work/objects/nangate45/UART16/base/klayout.lyt \
	--lef-files /design/work/objects/nangate45/UART16/base/klayout_tech.lef /OpenROAD-flow-scripts/flow/platforms/nangate45/lef/NangateOpenCellLibrary.macro.mod.lef   \
	--map-files 
/usr/bin/python3 /OpenROAD-flow-scripts/flow/scripts/run_command.py --log /design/work/logs/nangate45/UART16/base/6_1_merge.log --tee -- \
        /OpenROAD-flow-scripts/flow/scripts/klayout.sh -zz -rd design_name=UART16 \
        -rd in_def=/design/work/results/nangate45/UART16/base/6_final.def \
        -rd in_files="/OpenROAD-flow-scripts/flow/platforms/nangate45/gds/NangateOpenCellLibrary.gds  " \
        -rd seal_file="" \
        -rd out_file=/design/work/results/nangate45/UART16/base/6_1_merged.gds \
        -rd tech_file=/design/work/objects/nangate45/UART16/base/klayout.lyt \
        -rd layer_map= \
        -r /OpenROAD-flow-scripts/flow/util/def2stream.py
KLayout 0.30.12
Warning: DEF UNITS does not match reader DBU (DEF UNITS is 2000 and corresponds to a DBU of 0.0005, but reader DBU is set to 0.0001) (line=5, cell=, file=6_final.def)
[INFO] Reporting cells prior to loading DEF ...
	/OpenROAD-flow-scripts/flow/platforms/nangate45/gds/NangateOpenCellLibrary.gds
[INFO] GDS_ALLOW_EMPTY=fakeram.*
[INFO] All LEF cells have matching GDS/OAS cells
[INFO] No orphan cells in the final layout
Elapsed time: 0:02.89[h:]min:sec. CPU time: user 1.75 sys 0.38 (73%). Peak memory: 435680KB.
cp /design/work/results/nangate45/UART16/base/6_1_merged.gds /design/work/results/nangate45/UART16/base/6_final.gds
No elapsed time found in /design/work/logs/nangate45/UART16/base/6_final_lec_check.log
/design/work/logs/nangate45/UART16/base
Log                       Ext     Elapsed/s Peak Memory/MB sha1sum result [0:20)
1_1_yosys_canonicalize    .rtlil          0             45 5120d2c03d0663dfedde
1_2_yosys                 .v              0             47 20b9dee37e791e425177
1_2_yosys                 .sdc                             13ec3545ff7528e4c959
1_synth                   .odb            0             95 b15536bf07fa03654cb4
1_synth                   .sdc                             a81cb0f2c49911351a85
2_1_floorplan             .odb            0            127 9ffaecf2d06d2222d9a2
2_1_floorplan             .sdc                             a81cb0f2c49911351a85
2_2_floorplan_macro       .odb            0             93 9ffaecf2d06d2222d9a2
2_3_floorplan_tapcell     .odb            0             94 2e395214e8d749a4b2a0
2_4_floorplan_pdn         .odb            0             96 ff90322ccce10efc3b6f
3_1_place_gp_skip_io      .odb            0             94 0ed8e546bb0cf163c329
3_2_place_iop             .odb            0             94 eede6b4edb839f5504fd
3_3_place_gp              .odb            0            270 421dc62f0c42585e2c24
3_4_place_resized         .odb            0            125 421dc62f0c42585e2c24
3_5_place_dp              .odb            0            100 afdaea332b47731cab9e
4_1_cts                   .odb            0            137 fa899f2e861da8398087
5_1_grt                   .odb            2            275 76256c454d6facebb09a
5_1_grt                   .sdc                             912a01b3626fab676d57
5_2_route                 .odb            7            684 ba61b062950558268642
5_3_fillcell              .odb            0             95 76cd87b01a286bbf5f33
6_1_fill                  .odb            0             93 76cd87b01a286bbf5f33
6_1_fill                  .sdc                             912a01b3626fab676d57
6_1_merge                                 2            425                  N/A
6_report                                  1            155                  N/A
Total                                    12            684                     
